Time,Runtime,Runtime.Min,Chamber.SetPoint,Setting,All.T,All.P,LFoot.T,LFoot.P,RFoot.T,RFoot.P,LLowLeg.T,LLowLeg.P,RLowLeg.T,RLowLeg.P,LThigh.T,LThigh.P,RThigh.T,RThigh.P,Pelvis.T,Pelvis.P,Head.T,Head.P,LHand.T,LHand.P,RHand.T,RHand.P,LForearm.T,LForearm.P,RForearm.T,RForearm.P,LUpperArm.T,LUpperArm.P,RUpperArm.T,RUpperArm.P,Chest.T,Chest.P,Back.T,Back.P
11/24/2021 13:18,60,1,32,Warmup,29.8,0,30,0,30,0,30.1,0,30.1,0,30.2,0,29.9,0,30,0,28,0,29.9,0,30.3,0,29.8,0,29.5,0,30.1,0,29.7,0,29.7,0,29.8,0
11/24/2021 13:18,90,1.5,32,Warmup,31.1,224.8,31.6,250.7,31.5,249.8,31.1,201,31.1,193.8,31.2,222.7,31.1,216.2,31.3,252.9,29.8,203.7,31.2,244.3,31.7,258.1,31.2,210.6,30.8,200.8,31.3,238.5,30.9,223.7,30.9,225.6,30.9,233.5
11/24/2021 13:19,120,2,32,Warmup,32.4,221.9,33.2,247.3,33.2,246.9,32.3,198.4,32.4,192.6,32.7,220.8,32.4,210.9,32.8,250.1,31.2,202.3,32.6,240.2,33.3,254.3,32.6,207.6,32.1,199.6,32.8,235.9,32.3,220.5,32.3,223.2,32.3,229.9
11/24/2021 13:19,150,2.5,32,Warmup,33.4,215,34,161.4,34,185.6,33.1,197.5,33.2,191.7,33.7,219.1,33.3,210.6,33.7,248.9,32.1,201.3,33.7,238.1,34,184.7,33.5,206.6,33.2,199,33.8,234.5,33.3,219.4,33.3,222.8,33.3,229
11/24/2021 13:20,180,3,32,Warmup,33.9,170.6,34,98,34,118.6,34,192.9,34,192.6,34,135.6,34,178.9,34,175.1,32.8,202.1,34,177.1,34,118.8,34,150.8,33.8,199,34,128.6,34,170.8,34,185,34,198.7
11/24/2021 13:20,210,3.5,32,Warmup,34,112.5,34,65.4,34,82.6,34,98.3,34,102.4,34,83.2,34,104.8,34,138.8,33.6,204.8,34,123.2,34,83.9,34,94.4,34,115.3,34,81.6,34,101.4,34,111.5,34,122.5
11/24/2021 13:21,240,4,32,Warmup,34,83.7,34,49.1,34,65.2,34,63.4,34,69.6,34,57.3,34,75.3,34,105.9,34,178.9,34,98,34,69.6,34,68.2,34,84.6,34,59.4,34,73.2,34,81.3,34,84.6
11/24/2021 13:21,270,4.5,32,Warmup,34.1,70.9,34,44.6,34,55.4,34,52.4,34,53.2,34.7,58.1,34,63.6,34,95.5,34,141.8,34,85.8,34,58.6,34,58,34,68.3,34,49.3,34,59.3,34,64.6,34,72.2
11/24/2021 13:22,300,5,32,Warmup,34,59.7,34,38.3,34,49.2,34,45.5,34,43.9,34.2,41.9,34,55.1,34,82.1,34,120,34,73.2,34,51.1,34,49.8,34,60.2,34,46.2,34,53,34,55.1,34,56.3
11/24/2021 13:22,330,5.5,32,Warmup,34,53.9,34,36.6,34,45.1,34,41.2,34,46.4,34,37.6,34,48.5,34,72,34,105.9,34,63.6,34,46.8,34,44.8,34,55.1,34,39.7,34,47.1,34,48.3,34,55.6
11/24/2021 13:23,360,6,32,Warmup,34,49.1,34,35,34,42.7,34,38.7,34,42.4,34.1,30.1,34,46.4,34,65.7,34,92.9,34,58,34,42.8,34,44,34,50.2,34,38.7,34,43,34,47.2,34,46.6
11/24/2021 13:23,390,6.5,32,Warmup,34,47.3,34,34,34,38.9,34,36.6,34,35.1,34,38.2,34,44.7,34,61.2,34,83.5,34,53.1,34,38.5,34,41.3,34,48.1,34,38.3,34,42.4,34,45.5,34,47.6
11/24/2021 13:24,420,7,32,Warmup,34,46.1,34,36.4,34,40.4,34,37.4,34,42.3,34,37.5,34,43.8,34,57.7,34,78.6,34,50.8,34,38.3,34,39.7,34,46.6,34,35.7,34,41.8,34,43.2,34,44.9
11/24/2021 13:24,450,7.5,32,Warmup,34,45,34,36.4,34,39.2,34,41.3,34,37.7,34,37.1,34,44.2,34,55.4,34,72.6,34,48.8,34,36.5,34,40.1,34,45.5,34,36.4,34,40,34,42.2,34,45.1
11/24/2021 13:25,480,8,32,Warmup,34,43.2,34,32.8,34,35.3,34,34,34,36.2,34,36.3,34,43,34,53.7,34,68.9,34,45.7,34,36.1,34,39.4,34,45,34,35.1,34,39.3,34,41.5,34,44.4
11/24/2021 13:25,510,8.5,32,Warmup,34,42.1,34,34.3,34,35.4,34,35.6,34,37.3,34,34.2,34,42.4,34,52.3,34,65.2,34,42.6,34,37.1,34,38.9,34,45.1,34,34.7,34,40.2,34,42.1,34,37.1
11/24/2021 13:26,540,9,32,Warmup,34,41.3,34,32.6,34,36.5,34,34.3,34,30.6,34,31.2,34,42.4,34,50.6,34,61.9,34,42.9,34,35.6,34,39.4,34,45.3,34,35.6,34,39.5,34,39.7,34,45.5
11/24/2021 13:26,570,9.5,32,Warmup,34,41.9,34,32.7,34,38.3,34,36,34,25.9,34,37.3,34,44.2,34,50.8,34,60.1,34,41.1,34,38.6,34,39,34,45.8,34,35.7,34,39.4,34,41.3,34,43.7
11/24/2021 13:27,600,10,32,Warmup,34,41.2,34,30.8,34,34.7,34,33.6,34,34.6,34,35,34,43,34,50,34,57.1,34,39.4,34,36.8,34,38.8,34,43.1,34,35.6,34,37.3,34,41.1,34,44.2
11/24/2021 13:27,630,10.5,32,Warmup,34,40.4,34,35.8,34,36.7,34,35.1,34,37.1,34,32.1,34,41,34,48.5,34,55.3,34,39.1,34,36.3,34,37.1,34,44.3,34,33.9,34,38.4,34,40.5,34,41.2
11/24/2021 13:28,660,11,32,Warmup,34,39.1,34,32.9,34,35.9,34,33.5,34,35.5,34,28.4,34,40.7,34,46.9,34,53.7,34,38.6,34,33.3,34,37.7,34,43.3,34,33.4,34,37.6,34,40.2,34,40.2
11/24/2021 13:28,690,11.5,32,Warmup,34,38.2,34,31.5,34,36.4,34,31.2,34.1,33,34,34.2,34,40.9,34,46.6,34,51.1,34,36.2,34,33.6,34,36.7,34,40.7,34,33,34,35.6,34,39,34,33.7
11/24/2021 13:29,720,12,32,Warmup,34,38,34,29.7,34,34.7,34,32.9,34,32.7,34,32.7,34,40.9,34,46.4,34,49.1,34,37.6,34,31.9,34,35.5,34,40.6,34,32.3,34,33.9,34,37.1,34,40.2
11/24/2021 13:29,750,12.5,32,Warmup,34,37.8,34,30.6,34,35.3,34,31.8,34,32.7,34,33,34,40.9,34,45.7,34,48.4,34,38.5,34,32.1,34,36.2,34,39.7,34,32.2,34,33.1,34,39.4,34,37.2
11/24/2021 13:30,780,13,32,Warmup,34,36.3,34,31.3,34,34,34,32.2,34,33.1,34,31.4,34,40,34,46.6,34,46.8,34,36.1,34,32.1,34,36.2,34,39.5,34,30.9,34,32,34,36.3,34.1,28.2
11/24/2021 13:30,810,13.5,32,Warmup,34,37.8,34,32.6,34,34.2,34,31.5,34,33.1,34,32.6,34,39.7,34,43.9,34,48.1,34,38.1,34,32.9,34,37.2,34,41.3,34,31.3,34,35,34,38.9,34,39.5
11/24/2021 13:31,840,14,32,Warmup,34,37.7,34,33,34,36.3,34,32.5,34,34,34,32.5,34,38.8,34,44.5,34,46.2,34,37,34,32.5,34,36.5,34,40,34,32.1,34,35.3,34,38.9,34,39.7
11/24/2021 13:31,870,14.5,32,Warmup,34,36.7,34,33.2,34,36,34,31.5,34.1,26.6,34,32.6,34,39.6,34,43.2,34,45.1,34,35.1,34,31.5,34,36.3,34,39.1,34,32.2,34,33.7,34,38.8,34,37.5
11/24/2021 13:32,900,15,32,Warmup,34,36.5,34,30.5,34,33.6,34,30.9,34,29.7,34,32.4,34,38.9,34,41.9,34,45,34,36.3,34,31.7,34,36,34,40.1,34,32.5,34,34.2,34,38.8,34,37.1
11/24/2021 13:32,930,15.5,32,Warmup,34,36.4,34,32.3,34,35.9,34,31,34,32,34,33,34,38.8,34,40.9,34,43.8,34,34.3,34,31.2,34,36.6,34,39.1,34,32.4,34,32.5,34,38.5,34,36.8
11/24/2021 13:33,960,16,32,Warmup,34,36.5,34,28.5,34,32.8,34,29.9,34,29.2,34,34.2,34,42,34,41.9,34,42.9,34,36.1,34,31,34,35.6,34,38.9,34,32.3,34,32.6,34,37.2,34,38.5
11/24/2021 13:33,990,16.5,32,Warmup,34,34.9,34,26.9,34,31,34,28.4,34,24.8,34,31,34,37.9,34,41.2,34,41.7,34,35,34,30.8,34,36.6,34,37.6,34,32.2,34,32.4,34,37.3,34,37.5
11/24/2021 13:34,1020,17,32,Warmup,34,34.4,34,26.7,34,30.2,34,28.5,34,29.5,34,32.6,34,35.4,34,40.2,34,41.7,34,31.3,34,30,34,33.8,34,37.5,34,29.8,34,31.7,34,36.6,34,36.6
11/24/2021 13:34,1050,17.5,32,Warmup,34,35,34,26.5,34,31.1,34,27.3,34,26.7,34,29.5,34,41.3,34,45.1,34,41.5,34,31.9,34,32.3,34,33,34,36.8,34,29.7,34,31.1,34,36.4,34,36.1
11/24/2021 13:35,1080,18,32,Warmup,34,32.5,34,27,34,29.6,34,27.6,34,23.4,34,29.4,34,37.5,34,39.8,34,40.8,34,30,34,29.9,34,32.3,34,37.6,34,28.9,34,32.3,34,36,34,24.1
11/24/2021 13:35,1110,18.5,32,Warmup,34,33.5,34,26.4,34,28.4,34,40.3,34,25.6,34.1,31,34,39.5,34,39.7,34,39.7,34,29.9,34,29.4,34,32.5,34,36.6,34,29.4,34,30.8,34,35.7,34,22.7
11/24/2021 13:36,1140,19,32,Warmup,34,33.5,34,29.4,34,33.3,34,28.3,34,28.4,34,31.3,34,31.2,34,41.9,34,39.4,34,31.3,34,30,34,32,34,36.8,34,30.3,34,30.4,34,35.5,34,34.3
11/24/2021 13:36,1170,19.5,32,Warmup,34,31,34,29.6,34,32,34,23.2,34.2,17.6,34,26,34.1,31.9,34,33,34,38.5,34,32.4,34,30,34,35,34,37.3,34,29.9,34,31.6,34,35.2,34,33.2
11/24/2021 13:37,1200,20,32,Warmup,34,33.2,34,28,34,30.1,34,26.3,34,27.8,34,28.8,34,33.9,34,37,34,39.7,34,32.4,34,31.8,34,33.4,34,37.9,34,31,34,32.1,34,36,34,36.7
11/24/2021 13:37,1230,20.5,32,Warmup,34,32.8,34,29.4,34,31.4,34.3,39.8,34,25.7,34,24.7,34,32,34,36.7,34,39.3,34,28.4,34,31.8,34,31.8,34,38.6,34,29,34,32.7,34,35.5,34,34.3
11/24/2021 13:38,1260,21,32,Warmup,34,31.7,34,31.7,34,33.1,34,26.1,34,33,34.1,27.9,34,27.8,34,31.4,34,38.7,34,31.8,34,30.5,34,31.8,34,38.1,34,27.7,34,30.6,34,33.2,34,37.2
11/24/2021 13:38,1290,21.5,32,Warmup,34,33,34,31.1,34,31.5,34.2,23.4,34,23.5,34,30.4,34,37.1,34,38.8,34,37.8,34,35.3,34,31.3,34,33.2,34,38.1,34,29.2,34,30.5,34,33.6,34,34.2
11/24/2021 13:39,1320,22,32,Warmup,34,35.1,34,32.1,34,31.7,34,34.1,34,31.5,34.1,26.7,34,44.7,34,38.4,34,37.8,34,33.5,34,31.6,34,33.4,34,37.8,34,29.5,34,31.8,34,34.4,34,38.5
11/24/2021 13:39,1350,22.5,32,Warmup,34,34,34,32.9,34,33.6,34,25.1,34,32.4,34,34,34,35.6,34,37.6,34,37.3,34,34.6,34,31.3,34,35.5,34,37.5,34,29.1,34,30.7,34,34.3,34,35.3
11/24/2021 13:40,1380,23,32,Warmup,34,33.7,34,28.8,34,32.5,34,34.9,34,28.4,34.1,30.1,34,35.2,34,38.4,34,36.9,34,33,34,33.3,34,33.4,34,38.5,34,28.6,34,31,34,34,34,34.9
11/24/2021 13:40,1410,23.5,32,Warmup,34,32.6,34,31.9,34,33.5,34,26.4,34,30.7,34,29.3,34,35.1,34,37.2,34,36.2,34,32.2,34,28.7,34,31,34,35.4,34,28.5,34,29.2,34,33.6,34,33.9
11/24/2021 13:41,1440,24,32,Warmup,34,33.2,34,30.3,34,31.6,34,19.9,34,26.2,33.9,39.3,34,32.9,34,38.9,34,36.6,34,31,34,28.9,34,33.6,34,36.2,34,29.1,34,31.6,34,34.6,34,33.2
11/24/2021 13:41,1470,24.5,32,Warmup,34,32.6,34,32.5,34,32.6,34,16.3,34,31,34,28.9,34,33.8,34,39,34,37,34,29.6,34,28.7,34,33.1,34,36.1,34,29.5,34,32.2,34,35,34,35.7
11/24/2021 13:42,1500,25,32,Warmup,34,32.1,34,26.8,34,31.5,34,28.4,34,28.2,34,29.9,34,29.3,34,37.9,34,36.6,34,31.9,34,30,34,33.5,34,37,34,28.2,34,30.4,34,33.8,34,33.6
11/24/2021 13:42,1530,25.5,32,Warmup,34,33.3,34,32.2,34,33.7,34,29.3,34,28.4,34,30.1,34,32.9,34,37.7,34,36.5,34,34.3,34,29.5,34,33.8,34,36.5,34,31,34,31.6,34,35.1,34,35.2
11/24/2021 13:43,1560,26,32,Warmup,34,30.5,34,30.1,34,33.9,34,33.9,34,31.8,33.8,0,34,35.8,34,38.2,34,36.2,34,29.9,34,28.2,34,32.3,34,36.1,34,28.9,34,31.2,34,34.9,34,35.8
11/24/2021 13:43,1590,26.5,32,Warmup,34,29.3,34,29.6,34,33.1,34,27.3,34,29.4,33.5,0,34,35.2,34,37.5,34,35.4,34,31.2,34,29.8,34,28.6,34,36.3,34,27.6,34,29.3,34,34,34,34.5
11/24/2021 13:44,1620,27,32,Warmup,33.9,30.6,34,28.4,34,32.5,34,28.6,34,41.4,33.6,0,34,35.5,34,37.7,34,35.8,34,32.7,34,28.8,34,36.5,34,37.3,34,28.9,34,29.8,34,35.3,34,34
11/24/2021 13:44,1650,27.5,32,Warmup,33.9,30.1,34,29.1,34,33.6,34,30.2,34,24.6,33.4,0,34,39.8,34,38.3,34,35.4,34,30,34,30.2,34,33.9,34,36.3,34,29.1,34,30.8,34,34.9,34,33.9
11/24/2021 13:45,1680,28,32,Warmup,33.9,28.9,34,28.8,34,34.2,34,29.7,34.1,38.3,33.2,0,34,30.9,34,30.2,34,35.5,34,31.7,34,31.4,34,32.4,34,37.5,34,28.2,34,29.8,34,33.1,34,34.7
11/24/2021 13:45,1710,28.5,32,Warmup,33.9,28.9,34,30,34,32.2,34,28.6,34.1,29.7,33.1,0,34,29.3,34,37.2,34,34.5,34,31.9,34,32.5,34,32.2,34,37,34,29.2,34,30.2,34,33.4,34,34.8
11/24/2021 13:46,1740,29,32,Warmup,33.9,30,34,32.2,34,35.1,34,29.9,34,31.4,32.9,0,34,36,34,36.3,34,34.5,34,31.7,34,28.4,34,32.4,34,35.2,34,34.1,34,30.6,34,35,34,33
11/24/2021 13:46,1770,29.5,32,Warmup,33.9,28.3,34,29.9,34,32.5,34,24.6,34,28.5,33,0,34,35.4,34,36.5,34,35,34,31.7,34,28.6,34,31.9,34,36.4,34,28.8,34,30.8,34,32.5,34.1,26.5
11/24/2021 13:47,1800,30,32,Warmup,33.9,29.1,34,25.7,34,32.3,34,31.7,34,27.8,32.9,0,34,36.9,34,35.4,34,36.1,34,30.7,34,29,34,32.3,34,35.2,34,28,34,29.4,34,31.7,34,33.3
11/24/2021 13:47,1830,30.5,32,Warmup,33.9,29.2,34,27.8,34,32.7,34,28.9,34,28.6,32.8,0,34,33.4,34,37,34,34.6,34,30.1,34,29.8,34,32.2,34,35.8,34,29.4,34,30.1,34,31.6,34,38.1
11/24/2021 13:48,1860,31,32,Warmup,33.9,29.6,34,29.8,34,33.1,34,27.4,34,29.3,32.7,0,34,35.3,34,40.6,34,33.9,34,30.4,34,28.6,34,31.6,34,35.4,34,28.2,34,30.3,34,32.9,34,35.3
11/24/2021 13:48,1890,31.5,32,Warmup,33.8,28.6,34,29.4,34,33.1,34,35.6,34,30.1,32.5,0,34,35.3,34,28.7,34,33.6,34,31.1,34,28.8,34,32.2,34,36.2,34,28.1,34,29.1,34,33.3,34,32.9
11/24/2021 13:49,1920,32,32,Warmup,33.9,29.2,34,28.5,34,32.5,34,35.7,34,28.8,32.9,0,34,35.7,34,35.7,34,33.3,34,29.5,34,29.5,34,33.2,34,35.1,34,28.2,34,28.7,34,33,34,32.6
11/24/2021 13:49,1950,32.5,32,Warmup,33.8,28.2,34,27.8,34,30.6,34,24.8,34,26.9,32.5,0,34,34.4,34,37.1,34,33,34,30.1,34,28.4,34,31.9,34,35.4,34,27.6,34,29.2,34,32.9,34,32.5
11/24/2021 13:50,1980,33,32,Warmup,33.8,28.4,34,28,34,30.9,34,28,34,27.9,32.5,0,34,34.5,34,35.4,34,33,34,33.6,34,27.5,34,33.7,34,33.8,34,29.2,34,28.2,34,33.9,34,31.4
11/24/2021 13:50,2010,33.5,32,Warmup,33.8,29.1,34,29.9,34,31.1,34,28.1,34,28.9,32.4,0,34,34.3,34,41.9,34,32.7,34,33.6,34,28.1,34,33.1,34,34.5,34,29.3,34,28,34,32.3,34,31.1
11/24/2021 13:51,2040,34,32,Warmup,33.8,27.9,34,29.6,34,30.2,34,28.6,34,28.6,32.3,0,34,32.6,34,33.3,34,32,34,30.6,34,28.5,34,33,34,34.1,34,28.8,34,28.7,34,33.5,34,31
11/24/2021 13:51,2070,34.5,32,Warmup,33.8,27.5,34,27.3,34,31.1,34,26.8,34,26.3,32.2,0,34,30.6,34,33.4,34,32.7,34,31.7,34,28.2,34,33.2,34,35.5,34,28.2,34,29.2,34,33.2,34,31.8
11/24/2021 13:52,2100,35,32,Warmup,33.8,27.9,34,28.6,34,31.6,34,28.5,34,28.2,32.5,0,34,33,34,33,34,32.5,34,31.3,34,27.7,34,32.9,34,34.2,34,28,34,28.9,34,34.1,34,31
11/24/2021 13:52,2130,35.5,32,Warmup,33.8,28.3,34,28,34,30.9,34,27.4,34,28,32.2,0,34,34,34,36.1,34,32.8,34,30.3,34,29.5,34,32.1,34,35.3,34,28.2,34,29.4,34,33.3,34,31.3
11/24/2021 13:53,2160,36,32,Warmup,33.8,27.7,34,25,34,29.8,34,26.4,34,26.1,32.2,0,34,33.6,34,36.4,34,32.9,34,30.6,34,27.4,34,31.7,34,34.1,34,28.4,34,27.7,34,32.5,34,30.7
11/24/2021 13:53,2190,36.5,32,Warmup,33.8,26.6,34,25.8,34,29.5,34,26.7,34,26.5,32.2,0,34,32.2,34,31.4,34,32.2,34,30,34,26.5,34,30.8,34,32.8,34,26.7,34,27,34,31.4,34,30.8
11/24/2021 13:54,2220,37,32,Warmup,33.8,26.7,34,24.8,34,26.6,34,25.4,34,25.9,32.3,0,34,35,34,31,34,30.6,34,30.1,34,26.3,34,30.3,34,34.4,34,28.5,34,26.7,34,31.5,34,30.5
11/24/2021 13:54,2250,37.5,32,Warmup,33.8,27.6,34,24.9,34,28.8,34,24.4,34,24.9,32.1,0,34,27.4,34,29.4,34,33.3,34,27.2,34,28.3,34,29.5,34,34.4,34,29.2,34,28,34,33.4,34,48.8
11/24/2021 13:55,2280,38,32,Warmup,33.8,24.9,34,25,34,29.5,34,14.8,34,26.4,32,0,34,32,34,24.3,34,32.4,34,27.8,34,25.3,34,29.2,34,34.6,34,27.2,34,26.6,34,30.6,34,29.8
11/24/2021 13:55,2310,38.5,32,Warmup,33.8,26.2,34,26,34,27.7,34.1,22.8,34,25.6,32.1,0,34,30.4,34,31.8,34,32.7,34,27.2,34,30.1,34,29.3,34,34.7,34,27.5,34,27.4,34,32,34,29.6
11/24/2021 13:56,2340,39,32,Warmup,33.8,25.6,34,25.3,34,27.8,34,25.4,34,26.3,32,0,34,29.6,34,28.6,34,30.8,34,28.5,34,28.2,34,30,34,33.2,34,27.2,34,26.6,34,30.6,34,29.8
11/24/2021 13:56,2370,39.5,32,Warmup,33.8,26.5,34,25.4,34,28.7,34,25.4,34,25.6,32,0,34,31.2,34,29.7,34,31.8,34,29.7,34,27.2,34,30.4,34,32.8,34,25.6,34,26.6,34,37,34,29.3
11/24/2021 13:57,2400,40,32,Warmup,33.8,27.4,34,29.3,34,32.6,34,27.3,34,27.5,31.9,0,34,32.8,34,31.6,34,31.8,34,31.8,34,26.5,34,31.4,34,32.9,34,25.7,34,27.2,34,31.6,34,35.2
11/24/2021 13:57,2430,40.5,32,PI,33.8,27,34,25.8,34,30.7,34,27.2,34,23.7,31.9,0,34,34.1,34,32.6,34,31.8,34,30.8,34,28.7,34,31.3,34,33.4,34,26.4,34,28.2,34,31.1,34,30.4
11/24/2021 13:58,2460,41,32,PI,33.8,26.7,34,28.5,34,31,34,28.9,34,27.6,31.8,0,34,31.8,34,28.7,34,31.5,34,32.5,34,30.4,34,31.9,34,34.2,34,26.1,34,27.5,34,30.3,34,30.5
11/24/2021 13:58,2490,41.5,32,PI,33.8,27.3,34,28.1,34,31.9,34,23.9,34,27.7,32.1,0,34,33.4,34,33.7,34,31.6,34,30.6,34,26.7,34,30.5,34,34.8,34,25.7,34,28.9,34,31,34,32.5
11/24/2021 13:59,2520,42,32,PI,33.8,27.3,34,28.2,34,32.2,34,22.3,34,28.1,31.9,0,34,34,34,36.1,34,31.4,34,34,34,26.9,34,32.7,34,33,34,26.2,34,26.9,34,30,34,30.1
11/24/2021 13:59,2550,42.5,32,PI,33.8,27.8,34,31.1,34,32.9,34,26.6,34,30,31.9,0,34,34.3,34,32.2,34,32,34,34.8,34,28,34,32,34,35.4,34,26.4,34,29.6,34,30.9,34,31.1
11/24/2021 14:00,2580,43,32,PI,33.7,28.2,34,28.3,34,32.9,34,28.6,34,29.4,31.7,0,34,34.8,34,33.1,34,31.4,34,34.2,34,28.7,34,32.8,34,35.5,34,29,34,29.5,34,30.8,34,32.6
11/24/2021 14:00,2610,43.5,32,PI,33.8,27.4,34,27.4,34,32.1,34,27.9,34,28.5,31.8,0,34,34.4,34,31,34,31.6,34,32.3,34,32.1,34,32.2,34,35.1,34,28.1,34,28.7,34,28.6,34,31.7
11/24/2021 14:01,2640,44,32,PI,33.8,26.1,34,27.7,34,31.2,34,27.5,34,28.5,31.8,0,34,34.1,34,17.2,34,32,34,33.9,34,30.6,34,31.8,34,38,34,27.2,34,29.2,34,29.2,34,32.8
11/24/2021 14:01,2670,44.5,32,PI,33.8,27.9,34,23.4,34,31,34,26.9,34,27.7,31.8,0,34,34.9,34,34.7,34,31.8,34,33.3,34,28.8,34,32.1,34,33.9,34,28,34,28,34,29,34,35.3
11/24/2021 14:02,2700,45,32,PI,33.7,28.1,34,27.5,34,32.2,34,28.1,34,28.8,31.7,0,34,34.9,34,30.8,34,31.6,34,32.9,34,29.8,34,31.2,34,35.5,34,29.5,34,30.5,34,29.3,34,37
11/24/2021 14:02,2730,45.5,32,PI,33.7,27.8,34,26.5,34,31.3,34,28.1,34,28.9,31.7,0,34,36,34,31.5,34,31.6,34,32.5,34,29.9,34,32.9,34,35.7,34,28,34,28.3,34,29.6,34,32.6
11/24/2021 14:03,2760,46,32,PI,33.7,28.6,34,27.8,34,31,34,29.1,34,28.1,31.6,0,34,35,34,39,34,31.6,34,32.1,34,31.5,34,31.9,34,36,34,28.4,34,28.6,34,29.1,34,32.6
11/24/2021 14:03,2790,46.5,32,PI,33.7,27.8,34,28.5,34,34.4,34,27.1,34,28.6,31.7,0,34,34.4,34,32.4,34,31.5,34,34.4,34,31.5,34,33.4,34,35.7,34,27.9,34,28.4,34,29.2,34,31.8
11/24/2021 14:04,2820,47,32,PI,33.8,28.4,34,27.4,34,32.7,34,29.8,34,28.9,32.1,0,34,34.8,34,34,34,31.5,34,33.6,34,30.2,34,33.8,34,35.5,34,28,34,29.3,34,30.5,34,33.5
11/24/2021 14:04,2850,47.5,32,PI,33.7,28.7,34,29.5,34,32,34,29,34,28.8,31.6,0,34,35.6,34,34.2,34,32,34,33.7,34,31.2,34,34.2,34,37.8,34,28.4,34,30,34,30.5,34,34
11/24/2021 14:05,2880,48,32,PI,33.7,27.6,34,28.5,34,31.7,34,27.9,34,28.5,31.6,0,34,33.6,34,32.3,34,31.6,34,32.2,34,32.5,34,30.8,34,36.4,34,26.3,34,28.9,34,29.5,34,32.3
11/24/2021 14:05,2910,48.5,32,PI,33.7,28.2,34,29.3,34,31.8,34,28.2,34,28.2,31.6,0,34,34.5,34,33.7,34,31.5,34,32.7,34,29.6,34,31.8,34,35.5,34,28.1,34,29.4,34,30.2,34,35.1
11/24/2021 14:06,2940,49,32,PI,33.7,26.1,34,28.4,34,32.3,34,29,34,28.4,31.5,0,34,30.2,34,20.6,34,31.5,34,33.3,34,30.1,34,32.6,34,34.9,34,26.9,34,28.3,34,29.7,34,34.7
11/24/2021 14:06,2970,49.5,32,PI,33.7,27.6,34,25.9,34,30.3,34,27.4,34,26.8,31.5,0,34,34.1,34,31.1,34,31.8,34,32.3,34,31.6,34,31.2,34,37,34,28.4,34,31.2,34,28.8,34,33.8
11/24/2021 14:07,3000,50,32,PI,33.7,27.9,34,28.2,34,33.2,34,29.4,34,30.1,31.4,0,34,35.1,34,30,34,31.5,34,32.3,34,29.6,34,32.9,34,35.3,34,29,34,29.4,34,28.9,34,33.6
11/24/2021 14:07,3030,50.5,32,PI,33.8,28.1,34,28.4,34,31,34,28.3,34,29.9,31.8,0,34,34.8,34,33.6,34,31.4,34,32.4,34,30.5,34,32,34,35.2,34,27.1,34,29.1,34,29.5,34,33.8
11/24/2021 14:08,3060,51,32,PI,33.7,28,34,28.9,34,30.9,34,27.9,34,27.8,31.7,0,34,34.1,34,33.2,34,31.3,34,35.5,34,31.8,34,32.7,34,35.5,34,28.8,34,28.3,34,30.8,34,33.1
11/24/2021 14:08,3090,51.5,32,PI,33.7,28.4,34,29,34,32.8,34,28.9,34,29.4,31.6,0,34,36.1,34,34.4,34,31.4,34,33.8,34,30.2,34,33,34,35.4,34,26.4,34,28.4,34,30.3,34,33.7
11/24/2021 14:09,3120,52,32,PI,33.7,27.2,34,28.9,34,32.2,34,28.4,34,29.3,31.5,0,34,31.4,34,32.3,34,31,34,32.3,34,29.4,34,32.5,34,34.7,34,27.5,34,27.2,34,29.7,34,31.3
11/24/2021 14:09,3150,52.5,32,PI,33.7,27.5,34,28.3,34,32.3,34,29.6,34,30.3,31.4,0,34,31.9,34,33,34,30.8,34,32.6,34,28.1,34,32.5,34,34.4,34,26.6,34,27,34,30,34,32.8
11/24/2021 14:10,3180,53,32,PI,33.7,27.3,34,26.8,34,31.2,34,28.1,34,27.3,31.4,0,34,32.4,34,32.6,34,31.3,34,33.4,34,29.3,34,32.9,34,34.7,34,26.4,34,28.5,34,30,34,31.8
11/24/2021 14:10,3210,53.5,32,PI,33.7,26.8,34,27.9,34,32.9,34,27.4,34,27.7,31.7,0,34,31.2,34,31.8,34,30.8,34,32.1,34,30.5,34,31,34,35.2,34,25.9,34,27.1,34,28.8,34,31.3
11/24/2021 14:11,3240,54,32,PI,33.7,26.5,34,29,34,31.8,34,28.6,34,29.3,31.5,0,34,28,34,28.7,34,30.4,34,32.6,34,29.6,34,32.4,34,33.7,34,26.3,34,26.8,34,30.3,34,32.8
11/24/2021 14:11,3270,54.5,32,PI,33.7,27.5,34,31,34,32.7,34,28.3,34,29.2,31.5,0,34,33.3,34,33.9,34,31.1,34,33,34,28.5,34,32.1,34,33.9,34,26.3,34,27.5,34,30.2,34,30.3
11/24/2021 14:12,3300,55,32,PI,33.7,27.9,34,28.4,34,32.4,34,28.9,34,25.3,31.5,0,34,37.3,34,33.8,34,30.8,34,32.8,34,27.2,34,33.2,34,34.5,34,26.3,34,28.7,34,30.9,34,30.7
11/24/2021 14:12,3330,55.5,32,PI,33.7,26.5,34,27.5,34,32.9,34,27.2,34.1,28.2,31.4,0,34,28.2,34,32.7,34,30.6,34,31.1,34,28.1,34,31.8,34,33.4,34,25.8,34,27.1,34,31,34,30.1
11/24/2021 14:13,3360,56,32,PI,33.7,26.1,34,26.1,34,31.7,34,26.4,34,25.9,31.3,0,34,27.4,34,33.1,34,30.5,34,30.7,34,27.7,34,31.5,34,33,34,26.1,34,27.4,34,31.5,34,28.9
11/24/2021 14:13,3390,56.5,32,PI,33.7,26.7,34,28.8,34,29.9,34,25.7,34,25.6,31.4,0,34,34,34,33.1,34,30.2,34,30.7,34,27,34,32.4,34,32.9,34,25.7,34,26.4,34,30.4,34,29.1
11/24/2021 14:14,3420,57,32,PI,33.7,27.3,34,29.1,34,32.5,34,27.2,34,29.3,31.4,0,34,34.9,34,32,34,30.3,34,31.9,34,26.6,34,32.4,34,34.4,34,27,34,28,34,31.3,34,29.1
11/24/2021 14:14,3450,57.5,32,PI,33.7,28.3,34,27.3,34,30.6,34,26.2,34,26.9,31.4,0,34,31.2,34,49.5,34,30.3,34,30.4,34,29.1,34,31.1,34,33.9,34,26.4,34,27,34,30.8,34,28.4
11/24/2021 14:15,3480,58,32,PI,33.7,26.1,34,28.8,34,30.8,34,28.2,34,28.8,31.4,0,34,31.8,34,29,34,30.3,34,30.9,34,27,34,31.5,34,30.2,34,25,34,26.9,34,29.6,34,29.2
11/24/2021 14:15,3510,58.5,32,PI,33.7,26.2,34,26.1,34,29.8,34,26.9,34,26.9,31.3,0,34,29.5,34,30.3,34,30.5,34,30.7,34,27.8,34,31.6,34,35.3,34,26.1,34,28,34,30.8,34,29.3
11/24/2021 14:16,3540,59,32,PI,33.7,26.3,34,28.6,34,32.6,34,25.6,34,26.2,31.3,0,34,31.7,34,30,34,31.6,34,30.2,34,28.2,34,31.7,34,27.5,34,25.8,34,28.9,34,30.5,34,30
11/24/2021 14:16,3570,59.5,32,PI,33.7,27.2,34,28.9,34,31.8,34,26.8,34,27.8,31.3,0,34,32.8,34,31,34,31.6,34,33.5,34,26.7,34,31.5,34,37.1,34,26,34,30.7,34,30.7,34,30.2
11/24/2021 14:17,3600,60,32,PI,33.7,27.1,34,28.7,34,32.3,34,28.6,34,28,31.4,0,34,32.9,34,30.9,34,30.6,34,31.3,34,27.5,34,32.2,34,38,34,26,34,29.2,34,28.6,34,30.9
11/24/2021 14:17,3630,60.5,32,PI,33.7,26.9,34,28.6,34,31.8,34,27.5,34.1,29,31.4,0,34,33.7,34,30.3,34,30.5,34,32.3,34,27.7,34,32.5,34,35.1,34,25.9,34,27.4,34,29.2,34,30.6
11/24/2021 14:18,3660,61,32,PI,33.7,27.1,34,27.1,34,29.7,34,25.6,34,25.7,31.4,0,34,33.2,34,35.3,34,30.4,34,31.8,34,29.5,34,32.6,34,35,34,26.7,34,28.1,34,30.4,34,29.8
11/24/2021 14:18,3690,61.5,32,PI,33.7,27.4,34,29.3,34,31.9,34,26.5,34,24.6,31.4,0,34,32.7,34,32.8,34,30.4,34,31.6,34,30.6,34,32,34,35.1,34,25.7,34,28.8,34,30.4,34,34.9
11/24/2021 14:19,3720,62,32,PI,33.7,27.8,34,31,34,34.1,34,29.1,34,29.3,31.3,0,34,34.3,34,32.8,34,30.6,34,32.9,34,28.6,34,32.5,34,34.6,34,27.3,34,28.8,34,28.1,34,33
11/24/2021 14:19,3750,62.5,32,PI,33.7,27.3,34,31.4,34,32,34,28.8,34,26.2,31.5,0,34,32.9,34,32.8,34,30.1,34,34.8,34,30.2,34,31.7,34,34.9,34,27.5,34,25.7,34,28.5,34,32.8
11/24/2021 14:20,3780,63,32,PI,33.7,27.6,34,29.7,34,31.9,34,29.1,34.1,29.2,31.4,0,34,32.4,34,34.5,34,30.5,34,32.3,34,32.3,34,33.1,34,36.4,34,27.1,34,27.8,34,29.2,34,30.1
11/24/2021 14:20,3810,63.5,32,PI,33.7,27.4,34,27.6,34,33.1,34,27.8,34,28.6,31.4,0,34,34.9,34,32.3,34,30.5,34,31.6,34,31.7,34,31.7,34,36,34,27.2,34,27.5,34,28.5,34,31.4
11/24/2021 14:21,3840,64,32,PI,33.7,26.8,34,26.7,34,30.1,34,27.7,34,27.1,31.4,0,34,33.8,34,30.3,34,30.4,34,31.4,34,30.5,34,32.3,34,35,34,26.6,34,27.6,34,29.4,34,30.5
11/24/2021 14:21,3870,64.5,32,PI,33.7,27.9,34,29.2,34,34.1,34,29.3,34,29.7,31.4,0,34,34.9,34,33,34,30.2,34,33.9,34,31.1,34,32.2,34,35,34,27.8,34,27.7,34,28.8,34,32.1
11/24/2021 14:22,3900,65,32,PI,33.7,28.1,34,29.9,34,33.1,34,29.8,34,30.4,31.2,0,34,31.7,34,33.4,34,30.6,34,32.6,34,33.3,34,33.2,34,36.5,34,27.3,34,29.8,34,31.1,34,32.4
11/24/2021 14:22,3930,65.5,32,PI,33.7,28.2,34,30.8,34,35.2,34,29.2,34,29.5,31.3,0,34,33.6,34,30.5,34,31.1,34,38.2,34,31.8,34,33.7,34,36.6,34,27.2,34,29.4,34,30.8,34,33.2
11/24/2021 14:23,3960,66,32,PI,33.7,28.5,34,29.5,34,33.5,34,29.2,34,29.1,31.3,0,34,35.1,34,34.3,34,30.9,34,34.1,34,33.1,34,33.6,34,37.1,34,28,34,29.4,34,30.7,34,31.6
11/24/2021 14:23,3990,66.5,32,PI,33.7,28.4,34,27.6,34,32.4,34,28.9,34,27.8,31.3,0,34,35.5,34,34.5,34,30.6,34,33.9,34,32.8,34,33.8,34,37.1,34,28.4,34,29.2,34,29.6,34,33.7
11/24/2021 14:24,4020,67,32,PI,33.7,26.1,34,28.4,34,32.3,34,28.9,34,21.5,31.3,0,34,35,34,23.8,34,30.6,34,33.4,34,31.6,34,32.5,34,35.2,34,25.6,34,28.1,34,28.3,34,31
11/24/2021 14:24,4050,67.5,32,PI,33.7,28.2,34,29.5,34,31.7,34,29.1,34,30.4,31.3,0,34,34.7,34,34.9,34,30.3,34,33.5,34,33.2,34,35.7,34,33.9,34,27.4,34,28.6,34,30.3,34,30.6
11/24/2021 14:25,4080,68,32,PI,33.7,27.5,34,28.1,34,33.4,34,25.2,34,29.2,31.2,0,34,31.9,34,32.6,34,30.8,34,36.9,34,32.4,34,31.4,34,34.4,34,27,34,29.6,34,30.8,34,31.6
11/24/2021 14:25,4110,68.5,32,PI,33.7,29,34,29.4,34,33.8,34,28.4,34,29,31.3,0,34,35.6,34,34.6,34,32.2,34,35.8,34,30.7,34,37,34,36.8,34,28.9,34,30.5,34,30.9,34,33.9
11/24/2021 14:26,4140,69,32,PI,33.7,27.6,34,28.3,34,33.2,34,28.4,34,28.2,31.3,0,34,34.1,34,27.2,34,31.2,34,33.7,34,33.1,34,34.4,34,41.2,34,28.4,34,28.2,34,31.7,34,30.7
11/24/2021 14:26,4170,69.5,32,PI,33.7,28.4,34,31.9,34,35.1,34,29.9,34,31.1,31.3,0,34,33.9,34,33.4,34,30.8,34,35.8,34,30.7,34,31.4,34,34.2,34,28.6,34,29,34,30.6,34,32.1
11/24/2021 14:27,4200,70,32,PI,33.7,28.9,34,35.1,34,36.8,34,30.2,34,32.8,31.3,0,34,34.2,34,33.7,34,31.1,34,35.9,34,31.1,34,34.7,34,34.6,34,28.7,34,29,34,30.8,34,32.5
11/24/2021 14:27,4230,70.5,32,PI,33.7,27.8,34,34.8,34,36.6,34,30.8,34,32.8,31.2,0,34,29.8,34,30.6,34,30.6,34,39.3,34,31,34,34.7,34,36,34,27.5,34,28.1,34,28.8,34,31.5
11/24/2021 14:28,4260,71,32,PI,33.7,33.6,34,33.5,34,36.8,34,32.8,34,31.6,31.4,0,34,36.2,33.9,72.3,34,30.2,34,37.6,34,30.7,34,35.5,34,35.6,34,28,34,29.9,34,31.1,34,32.6
11/24/2021 14:28,4290,71.5,32,PI,33.7,29,34,33.8,34,34.5,34,29.6,34,29.9,31.3,0,34,35.9,34,34.8,34,31,34,36.1,34,32.5,34,35.4,34,33.3,34,28.8,34,29.8,34,32.2,34,32
11/24/2021 14:29,4320,72,32,PI,33.7,28.7,34,32.7,34,36.4,34,30.4,34,30,31.3,0,34,36,34,30.2,34,30.7,34,36.9,34,29.4,34,35.5,34,43.2,34,28.8,34,30,34,30.3,34,32.1
11/24/2021 14:29,4350,72.5,32,PI,33.7,28.8,34,33,34,36.8,34,30.9,34,32.1,31.3,0,34,36.3,34,31.1,34,31.3,34,36.5,34,33.9,34,31,34,36.2,34,29.3,34,29.5,34,29.7,34,32.7
11/24/2021 14:30,4380,73,32,PI,33.7,29,34,35.7,34,37.6,34,30.6,34,34.2,31.2,0,34,34,34,30.9,34,32.1,34,39.5,34,30.7,34,35.6,34,36.3,34,27.6,34,29.8,34,31.2,34,32.9
11/24/2021 14:30,4410,73.5,32,PI,33.7,28.6,34,34.2,34,37.2,34,30.8,34,31.7,31.4,0,34,31.3,34,33.5,34,31.5,34,39.7,34,31.9,34,35.6,34,36.5,34,26.6,34,30.6,34,30.1,34,31.9
11/24/2021 14:31,4440,74,32,PI,33.7,28.2,34,30,34,33.5,34,29.7,34,27.7,31.1,0,34,32.4,34,33.3,34,31.8,34,35.5,34,30.5,34,35.4,34,37.8,34,28.2,34,30.1,34,30.4,34,31.8
11/24/2021 14:31,4470,74.5,32,PI,33.7,29,34,32.8,34,36.5,34,31.7,34,32.1,31.2,0,34,34.9,34,34.4,34,30.9,34,36.2,34,32.4,34,35.2,34,35.8,34,28.2,34,29.2,34,30.2,34,31.6
11/24/2021 14:32,4500,75,32,PI,33.7,28.4,34,30.1,34,35.6,34,30.4,34,29.3,31.3,0,34,33.9,34,33.6,34,31.2,34,36.1,34,31.2,34,35.1,34,34.7,34,27.7,34,29.2,34,31,34,31.7
11/24/2021 14:32,4530,75.5,32,PI,33.7,28.6,34,29.9,34,33.8,34,29.6,34,29.7,31.2,0,34,35.8,34,32.9,34,31.3,34,36.7,34,31,34,34.5,34,37.2,34,29,34,29.9,34,28.3,34,33.6
11/24/2021 14:33,4560,76,32,PI,33.7,29.1,34,30,34,35,34,31,34,31.1,31.2,0,34,35.8,34,34.9,34,31.6,34,35.9,34,32.2,34,34.7,34,36.4,34,30.1,34,31,34,27.2,34,35
11/24/2021 14:33,4590,76.5,32,PI,33.7,28.3,34,30.7,34,35.1,34,30.1,34,29.9,31.4,0,34,34.7,34,32.7,34,31.2,34,34.7,34,31,34,34.7,34,35.7,34,28.3,34,29,34,29.4,34,32
11/24/2021 14:34,4620,77,32,PI,33.7,28.5,34,33.6,34,35.4,34,29.5,34,31.7,31.2,0,34,32.6,34,32.9,34,31.2,34,34.9,34,31.8,34,33.6,34,37.2,34,27.2,34,30.1,34,29.7,34,33.7
11/24/2021 14:34,4650,77.5,32,PI,33.7,28,34,32.4,34,35.9,34,29.4,34,29.3,31.2,0,34,33.3,34,33.2,34,30.9,34,33.9,34,28.9,34,33.1,34,35.2,34,27.4,34,29.2,34,29.5,34,31.8
11/24/2021 14:35,4680,78,32,PI,33.7,28.8,34,34.4,34,34.7,34,31.6,34,31.3,31.2,0,34,35.9,34,34.5,34,30.2,34,35.3,34,29,34,35.1,34,35.2,34,27.6,34,28.3,34,28.5,34,33.3
11/24/2021 14:35,4710,78.5,32,PI,33.7,29,34,31.2,34,34.5,34,36.6,34,30.4,31.2,0,34,36.6,34,35.3,34,32.8,34,36.2,34,29,34,33.3,34,35.4,34,27.4,34,28.3,34,28.6,34,30
11/24/2021 14:36,4740,79,32,PI,33.7,28.6,34,57.7,34,33.9,34,29.5,34,29.9,31.2,0,34,32.5,34,33.8,34,30.5,34,34.7,34,31.8,34,34.1,34,36.4,34,26.6,34,28.3,34,30,34,29.5
11/24/2021 14:36,4770,79.5,32,PI,33.7,28.9,34,32,34,34.9,34,29.4,34,30.1,31.2,0,34,36.8,34,33.6,34,31,34,34.3,34,31.4,34,35.3,34,37.1,34,29.4,34,29.3,34,29.2,34,34.2
11/24/2021 14:37,4800,80,32,PI,33.7,28,34,30.5,34,32.5,34,28.7,34,28.5,31.2,0,34,35,34,33,34,30.8,34,33.3,34,32.5,34,34.5,34,38.1,34,27.2,34,29.1,34,27.9,34,32.1
11/24/2021 14:37,4830,80.5,32,PI,33.7,27.6,34,27.9,34,32.3,34,28.2,34,29.1,31.2,0,34,34,34,32.2,34,30.8,34,33,34,34.6,34,33.5,34,38.2,34,25.9,34,29,34,27.7,34,32.3
11/24/2021 14:38,4860,81,32,PI,33.7,29.1,34,32.9,34,34,34,30.6,34,31.7,31.2,0,34,35,34,35.7,34,31.1,34,38,34,32.3,34,35,34,37.5,34,28.7,34,30.1,34,29.8,34,31.9
11/24/2021 14:38,4890,81.5,32,PI,33.7,29.8,34,32.1,34,34,34,33.2,34,31.6,31.1,0,34,37.5,34,35.8,34,32.1,34,40,34,31.7,34,35.8,34,37.4,34,29.7,34,30.5,34,29.9,34,32.3
11/24/2021 14:39,4920,82,32,PI,33.7,29.1,34,32.3,34,34.1,34,31.2,34,31.6,31.2,0,34,34.1,34,33.9,34,32.1,34,35.6,34,33.4,34,36.3,34,38.3,34,29.7,34,31.6,34,30.9,34,30.4
11/24/2021 14:39,4950,82.5,32,PI,33.7,28.3,34,30.5,34,30.3,34,30.1,34,31.7,31.1,0,34.3,28.3,34,32.5,34,31.7,34,35.9,34,35.1,34,35.4,34,39.3,34,30.5,34,31.2,34,29.8,34,34.2
11/24/2021 14:40,4980,83,32,PI,33.7,29.1,34,31.2,34,34.9,34,29.4,34,29.7,31.2,0,34,36.5,34,33.9,34,31.6,34,36.6,34,31.9,34,35.6,34,36.7,34,28.4,34,29.6,34,31,34,33.1
11/24/2021 14:40,5010,83.5,32,PI,33.7,29,34,33.5,34,28.5,34,33.2,34,30.5,31.2,0,34,33.9,34,35.2,34,31.4,34,34.7,34,32.7,34,34.3,34,38.2,34,28.9,34,29.6,34,30,34,33.1
11/24/2021 14:41,5040,84,32,PI,33.7,30,34,33.4,34,38.1,34,32.5,34,31.9,31.2,0,34,36.9,34,34.3,34,32,34,36.5,34,33.4,34,36.2,34,38.2,34,28.9,34,32.2,34,32.3,34,32.8
11/24/2021 14:41,5070,84.5,32,PI,33.7,29.8,34,34.1,34,36.9,34,31.5,34,31.8,31.1,0,34,36.5,34,35,34,32.3,34,41,34,30.3,34,37,34,38.2,34,29.4,34,29.1,34,30.9,34,33.2
11/24/2021 14:42,5100,85,32,PI,33.7,29.7,34,32,34,35,34,33.8,34,31.5,31.1,0,34,37.2,34,31.3,34,32.3,34,35.8,34,33.8,34,35.8,34,38.7,34,29.1,34,32.1,34,31.3,34,33.9
11/24/2021 14:42,5130,85.5,32,PI,33.7,28.4,34,30.8,34,34.1,34,29.9,34,29.8,31.1,0,34,30.7,34,31.7,34,32,34,37.5,34,34.8,34,36,34,38.6,34,29.2,34,29.4,34,32.5,34,31.6
11/24/2021 14:43,5160,86,32,PI,33.7,29.7,34,34.9,34,34.6,34,30.9,34,33.1,31.1,0,34,36.6,34,32.1,34,33.3,34,36.9,34,31.9,34,34.8,34,38.5,34,28.7,34,31.9,34,33.1,34,32.4
11/24/2021 14:43,5190,86.5,32,PI,33.7,29.7,34,34.9,34,36.3,34,35.5,34,32.3,31.3,0,34,35.3,34,34.2,34,31.9,34,42,34,32.2,34,36.2,34,37.7,34,28,34,30.2,34,30.5,34,32.3
11/24/2021 14:44,5220,87,32,PI,33.7,29,34,31.2,34,35.8,34,30.7,34,31.1,31.1,0,34,34.7,34,33.9,34,31.8,34,36.5,34,33.6,34,35.9,34,37.6,34,28.3,34,29.2,34,31.7,34,31.6
11/24/2021 14:44,5250,87.5,32,PI,33.7,30.4,34,34.6,34,39.2,34,32.3,34,39.8,31.2,0,34,36,34,35.2,34,31.7,34,37.3,34,33,34,36.6,34,36.2,34,29.6,34,30.4,34,32.8,34,31.2
11/24/2021 14:45,5280,88,32,PI,33.7,29.9,34,35,34,38.5,34,33.9,34,32.5,31.2,0,34,36.4,34,34.5,34,32.4,34,41.5,34,31.6,34,35.3,34,38.3,34,29,34,29.7,34,30.7,34,32.4
11/24/2021 14:45,5310,88.5,32,PI,33.7,28.7,34,32.5,34,36,34,32.1,34,31.9,31.1,0,34,36.8,34,24.6,34,31.5,34,37,34,35.6,34,35.7,34,39.5,34,29,34,29.6,34,32.1,34,32.3
11/24/2021 14:46,5340,89,32,PI,33.7,29.4,34,35,34,37.4,34,26.3,34,32.8,31,0,34,33.2,34,34.9,34,32.2,34,37.4,34,31.8,34,36.8,34,36.7,34,29.8,34,31.7,34,33.2,34,31.6
11/24/2021 14:46,5370,89.5,32,PI,33.7,30,34,37.1,34,37.8,34,30.9,34,35.2,31.1,0,34,35.7,34,37.9,34,31.6,34,42.7,34,32.5,34,36.3,34,36.8,34,28.3,34,28.2,34,30.8,34,31
11/24/2021 14:47,5400,90,32,PI,33.7,29.6,34,34.4,34,37.3,34,31,34,33.4,31.2,0,34,35.6,34,33.9,34,31.7,34,40.8,34,30.9,34,35.8,34,37.9,34,29,34,30.1,34,30.4,34,32.9
11/24/2021 14:47,5430,90.5,32,PI,33.7,29.7,34,33,34,35.8,34,31.1,34,32.1,31.1,0,34,36,34,34.5,34,31.9,34,36.9,34,28.4,34,36.8,34,38.9,34,30.4,34,29.6,34,33.3,34,32.3
11/24/2021 14:48,5460,91,32,PI,33.7,29.8,34,33.3,34,36.5,34,28.9,34,31.9,31.1,0,34,36.9,34,33.7,34,33,34,41.2,34,33.7,34,36.8,34,37.3,34,28.5,34,31.4,34,32.5,34,32.4
11/24/2021 14:48,5490,91.5,32,PI,33.7,29.2,34,34.6,34,38.4,34,29,34,36.2,31.1,0,34,36.8,34,30.5,34,31.4,34,41,34,31.4,34,36,34,38.1,34,27.5,34,29.7,34,29.7,34,31.8
11/24/2021 14:49,5520,92,32,PI,33.7,30.1,34,32.8,34,37.3,34,30.5,34,41.4,31.1,0,34,35.8,34,34.4,34,31.8,34,37.1,34,33.7,34,35.3,34,39.5,34,27.9,34,29.4,34,30.2,34,33.9
11/24/2021 14:49,5550,92.5,32,PI,33.7,29.9,34,33.5,34,36.4,34,31,34,31.3,31,0,34,36.2,34,37.4,34,32.5,34,38.7,34,31.3,34,37,34,36.8,34,29.2,34,30.6,34,32,34,31.6
11/24/2021 14:50,5580,93,32,PI,33.7,29.3,34,32.1,34,36,34,30.7,34,31,31.1,0,34,36.5,34,33.4,34,31.4,34,36.5,34,35.5,34,36.1,34,37.8,34,30.3,34,29,34,31.7,34,30.9
11/24/2021 14:50,5610,93.5,32,PI,33.7,29.9,34,36.3,34,34,34,32.7,34,34.3,31.1,0,34,35.6,34,35,34,32,34,37.5,34,32.6,34,36.8,34,38.8,34,28.8,34,29.4,34,31.6,34,32.1
11/24/2021 14:51,5640,94,32,PI,33.7,29,34,35.3,34,36.1,34,31.5,34,32.2,31,0,34,31.4,34,34.6,34,31.6,34,35.7,34,31.6,34,34.7,34,38.9,34,30.6,34,29.9,34,28.9,34,33.9
11/24/2021 14:51,5670,94.5,32,PI,33.7,28.6,34,32.1,34,32,34,31.6,34,31.6,31,0,34,35.7,34,31,34,31.2,34,37.7,34,34.4,34,34.5,34,38.9,34,28.5,34,29,34,29.9,34,30.6
11/24/2021 14:52,5700,95,32,PI,33.7,29.1,34,34.4,34,35,34,30.3,34,26.6,31.4,0,34,35.5,34,34.1,34,31.9,34,36.7,34,33,34,35.4,34,38.6,34,29.5,34,30.9,34,30,34,33.7
11/24/2021 14:52,5730,95.5,32,PI,33.7,29.9,34,34.6,34,34.5,34,33.8,34,30.3,31.2,0,34,36.4,34,35.5,34,31.8,34,36.1,34,32.9,34,35.8,34,38.6,34,30.4,34,30.5,34,30.2,34,34.1
11/24/2021 14:53,5760,96,32,PI,33.7,28.2,34,35.4,34,28.9,34,25.1,34.1,25.7,31.1,0,34,35.3,34,33.7,34,31.6,34,37.9,34,31.9,34,34.3,34,37.6,34,27.6,34,29.4,34,30,34,32.7
11/24/2021 14:53,5790,96.5,32,PI,33.7,29.2,34,35.5,34,36.6,34,31.2,34,34.3,31.1,0,34,35.3,34,33.8,34,31.3,34,41,34,31.4,34,36.1,34,37.1,34,28.2,34,28.8,34,29.6,34,31.2
11/24/2021 14:54,5820,97,32,PI,33.7,28.9,34,35.3,34,36.9,34,33.1,34,34.3,31,0,34,30.1,34,33.8,34,31.3,34,38.2,34,29.9,34,34.4,34,36.8,34,29.5,34,31,34,29.5,34,33
11/24/2021 14:54,5850,97.5,32,PI,33.7,28.4,34,34.1,34,36.7,34,30.4,34,33.6,31.1,0,34,33.8,34,33,34,31.3,34,36.4,34,30.1,34,34.6,34,35.8,34,26.7,34,28.5,34,29.3,34,30.2
11/24/2021 14:55,5880,98,32,PI,33.7,28.8,34,33.4,34,34.5,34,29.7,34,30.7,31.1,0,34,34,34,34.6,34,31.9,34,32.6,34,30.1,34,33.8,34,37,34,28.7,34,30.7,34,31.6,34,31.9
11/24/2021 14:55,5910,98.5,32,PI,33.7,28.5,34,32.8,34,34.2,34,29.7,34,29.3,31.2,0,34,34.9,34,32.9,34,31.9,34,34.4,34,30.3,34,34.5,34,36.2,34,28.9,34,28.6,34,31.1,34,31.6
11/24/2021 14:56,5940,99,32,PI,33.7,28.3,34,33.5,34,34.5,34,30.8,34,33.2,31.1,0,34,33.8,34,31.6,34,31.2,34,33.9,34,29.7,34,34.9,34,35.5,34,28.1,34,28.6,34,31.2,34,30.4
11/24/2021 14:56,5970,99.5,32,PI,33.7,28.7,34,34.3,34,34.2,34,32.4,34,32.5,31.1,0,34,33.2,34,34.3,34,31.2,34,39.7,34,30.1,34,34.3,34,37.1,34,28.7,34,27.4,34,29.1,34,31.5
11/24/2021 14:57,6000,100,32,PI,33.7,28.3,34,34.6,34,34.4,34,29.6,34,33.2,31.3,0,34,33.3,34,33.1,34,30.7,34,35.1,34,31.2,34,33.6,34,35.4,34,27.6,34,28.9,34,29,34,31.7
11/24/2021 14:57,6030,100.5,32,PI,33.7,29.1,34,33.8,34,35.8,34,29.6,34,33.2,31,0,34,33.3,34,38.6,34,30.9,34,35.1,34,30.3,34,34.1,34,35.9,34,28.1,34,29.1,34,30.8,34,30.9
11/24/2021 14:58,6060,101,32,PI,33.7,28.2,34,35.6,34,35.7,34,30.8,34,31.2,31.3,0,34,34.3,34,31.8,34,32.5,34,37.6,34,30.8,34,33.8,34,38.2,34,26.4,34,29.8,34,26.4,34,30.7
11/24/2021 14:58,6090,101.5,32,PI,33.7,28.8,34,36.2,34,37.4,34,30.7,34,35.1,31.1,0,34,33.8,34,32.5,34,31.1,34,37.3,34,30.6,34,34.3,34,37.9,34,27.7,34,29.6,34,28.9,34,31.3
11/24/2021 14:59,6120,102,32,PI,33.7,28.6,34,31.8,34,37,34,30.3,34,32.1,31.1,0,34,35.4,34,32.4,34,30.6,34,36.8,34,30.4,34,35,34,35.9,34,28.5,34,28.5,34,29.8,34,31.5
11/24/2021 14:59,6150,102.5,32,PI,33.7,28.6,34,34.6,34,36.1,34,30,34,32.2,31,0,34,34.3,34,30.2,34,31.6,34,35.2,34,29.6,34,35.3,34,36.8,34,29.2,34,31,34,31.5,34,30.8
11/24/2021 15:00,6180,103,32,PI,33.7,27.9,34,35.6,34,38.6,34,25,34,31.5,31.1,0,34,35,34,27.1,34,31.1,34,39.5,34,32.6,34,34.8,34,36.4,34,28,34,29.2,34,29.5,34,31.4
11/24/2021 15:00,6210,103.5,32,PI,33.7,29.2,34,35.8,34,36.1,34,32.1,34,35.7,31.1,0,34,35.2,34,34,34,30.7,34,39.2,34,30.6,34,35.3,34,37.4,34,23.9,34,29.1,34,28.6,34,34
11/24/2021 15:01,6240,104,32,PI,33.7,30.3,34,32,34,35.8,34,31.9,34,34.9,31.1,0,34,37.8,34,34.1,34,31.1,34,38.5,34,35.9,34,38.3,34,38.8,34,31.3,34,30.6,34,32.5,34,32.2
11/24/2021 15:01,6270,104.5,32,PI,33.7,30.2,34,35.8,34,38.4,34,30.9,34,33.9,31.1,0,34,35.7,34,34.6,34,32.2,34,41.2,34,33.7,34,36.6,34,39.5,34,29.8,34,32,34,31.1,34,32.8
11/24/2021 15:02,6300,105,32,PI,33.7,29,34,32.9,34,37.2,34,30.8,34,29.4,31,0,34,33.9,34,30.6,34,31.9,34,40.6,34,31.7,34,36.6,34,38.6,34,31.5,34,31.2,34,30.9,34,32.3
11/24/2021 15:02,6330,105.5,32,PI,33.7,28.9,34,36.8,34,38.6,34,27.5,34,28,31.1,0,34,36.1,34,24.7,34,32.6,34,43.2,34,32.3,34,39.4,34,39.3,34,28.2,34,31.4,34,31.5,34,35.5
11/24/2021 15:03,6360,106,32,PI,33.7,29.6,34,36.1,34,36.8,34,32.5,34,35.3,31,0,34,35.7,34,30.3,34,32.1,34,40.1,34,32,34,35.7,34,38.5,34,30.6,34,31.4,34,31.3,34,32.3
11/24/2021 15:03,6390,106.5,32,PI,33.7,29.5,34,32.4,34,35.1,34,30.2,34,32.4,31.1,0,34,35.9,34,34.4,34,31.4,34,35.8,34,33.9,34,35.1,34,39.5,34,32.6,34,28.5,34,30,34,33.5
11/24/2021 15:04,6420,107,32,PI,33.7,30.1,34,33.5,34,37.7,34,32.2,34,30.9,31.1,0,34,36.6,34,37.1,34,31.8,34,36.4,34,34.3,34,36,34,38,34,30.4,34,29.7,34,32,34,32.3
11/24/2021 15:04,6450,107.5,32,PI,33.7,30.1,34,35.8,34,35.4,34,33.4,34,36.8,31,0,34,34.6,34,34.7,34,31.5,34,39.9,34,32.4,34,37,34,37.1,34,31,34,30.1,34,31,34,33.6
11/24/2021 15:05,6480,108,32,PI,33.7,29.2,34,36.9,34,38.6,34,33.2,34,37.6,31,0,34,33.1,34,28.2,34,30.2,34,39.9,34,32.3,34,35,34,38.2,34,30.4,34,30.4,34,31.3,34,32.6
11/24/2021 15:05,6510,108.5,32,PI,33.7,30.3,34,36,34,34.4,34,34.2,34,33.9,31.1,0,34,36.5,34,38.1,34,31.6,34,37.3,34,34,34,34.6,34,38.4,34,28.1,34,32.1,34,30,34,32.7
11/24/2021 15:06,6540,109,32,PI,33.7,29.7,34,36.5,34,35.7,34,33.9,34,34.1,31,0,34,36.2,34,32.3,34,31.1,34,37.6,34,35.2,34,36.3,34,39.1,34,31.8,34,30.2,34,29.4,34,31.7
11/24/2021 15:06,6570,109.5,32,PI,33.7,30,34,32.9,34,37.4,34,29.8,34,30.3,31,0,34,36,34,36.6,34,31.1,34,36.7,34,34,34,37.2,34,38.1,34,32.5,34,31.9,34,30.8,34,33.8
11/24/2021 15:07,6600,110,32,PI,33.7,29,34,36.7,34,39.1,34,33,34,32.6,31,0,34,31.5,34,33.8,34,32.2,34,36.6,34,31.1,34,34.6,34,36.8,34,28.9,34,27.4,34,29.9,34,33.3
11/24/2021 15:07,6630,110.5,32,PI,33.7,29.2,34,34.5,34,38,34,32.2,34,33.2,31,0,34,34.4,34,34,34,31.4,34,40.2,34,30.1,34,35.5,34,37.1,34,28.2,34,30,34,29,34,32.5
11/24/2021 15:08,6660,111,32,PI,33.7,28.7,34,33.6,34,36.9,34,32.7,34,32.7,31.1,0,34,34.7,34,33.7,34,31.3,34,37.1,34,30.1,34,35,34,35.1,34,26.9,34,28.9,34,27.9,34,31.4
11/24/2021 15:08,6690,111.5,32,PI,33.7,30.6,34,36,34,38.8,34,32.1,34,33.9,31,0,34,35.6,34,43.1,34,31.8,34,37.2,34,32.7,34,35.7,34,37.6,34,30.1,34,30.8,34,26.9,34,33.9
11/24/2021 15:09,6720,112,32,PI,33.7,28.7,34,36.8,34,37.1,34.1,26.6,34,35.1,31,0,34,34.7,34,27.1,34,32.2,34,37.5,34,31.1,34,35.8,34,39,34,29.3,34,31.3,34,31.2,34,32.3
11/24/2021 15:09,6750,112.5,32,PI,33.7,29,34,34.1,34,34.9,34,30.7,34,31.6,31,0,34,35.7,34,32.3,34,32,34,36.7,34,32,34,35.3,34,37.8,34,28.4,34,30.6,34,30.5,34,32.2
11/24/2021 15:10,6780,113,32,PI,33.7,27.7,34,36.2,34,35.2,34,31,34,22.9,31.1,0,34,32.4,34,32.3,34,31,34,36.4,34,30.8,34,35.2,34,35.5,34,28.2,34,29.2,34,31.2,34,28.2
11/24/2021 15:10,6810,113.5,32,PI,33.7,27.4,34,32.2,34,33.2,34,22,34,30.6,31.3,0,34,34.1,34,30.8,34,31.5,34,33.5,34,29.8,34,34.6,34,35.8,34,28.1,34,28.8,34,29.9,34,30.5
11/24/2021 15:11,6840,114,32,PI,33.7,28,34,33.9,34,34.2,34,30.4,34,31.8,31,0,34,32.8,34,31.8,34,30.8,34,33.6,34,30.1,34,33.4,34,35.5,34,28.6,34,28.5,34,30.7,34,30.1
11/24/2021 15:11,6870,114.5,32,PI,33.7,28.4,34,32.9,34,34.5,34,28.7,34,30.1,31.1,0,34,34.1,34,31.3,34,32.3,34,33.1,34,32.6,34,35.8,34,37.6,34,30.6,34,29.8,34,30.9,34,29.9
11/24/2021 15:12,6900,115,32,PI,33.7,27.4,34,30.6,34,34.5,34,31.2,34,32.8,31.1,0,34,31.9,34,26.4,34,31.8,34,33,34,32.1,34,33.6,34,35.7,34,28.2,34,28.7,34,30.9,34,29.2
11/24/2021 15:13,6960,116,32,Warmup,33.4,10.2,33.6,6.6,33.6,6.5,33.7,4.8,33.7,5.5,31.4,47.9,33.7,5.4,33.7,5.3,33.6,7.1,33.7,6.2,33.7,5.1,33.7,6,33.6,6.9,33.8,4.6,33.7,4.6,33.7,5.6,33.7,4.8
11/24/2021 15:13,6990,116.5,32,Warmup,33.4,11.4,33.5,8.5,33.5,8.5,33.6,6.8,33.6,7.1,31.6,43.5,33.6,7.2,33.6,6.9,33.5,8.9,33.6,8.1,33.6,7.5,33.5,8.8,33.5,9.5,33.6,6.9,33.6,7,33.6,7.1,33.6,6.5
11/24/2021 15:14,7020,117,32,Warmup,33.3,12.5,33.5,9.3,33.4,10.2,33.6,7.8,33.5,8.6,31.8,40.4,33.5,8.9,33.4,10.2,33.4,10.2,33.5,9.4,33.5,8.8,33.4,10.5,33.4,11.4,33.6,8.2,33.6,8.2,33.5,9,33.6,7.7
11/24/2021 15:14,7050,117.5,32,Warmup,33.3,13.1,33.4,11.9,33.4,11.5,33.5,9.4,33.5,9.6,31.9,38.2,33.4,10.2,33.5,8.9,33.4,11.5,33.4,10.6,33.5,10,33.4,11.8,33.3,12.7,33.5,9.4,33.5,9.5,33.5,10,33.5,8.8
11/24/2021 15:15,7080,118,32,Warmup,33.3,13.8,33.3,12.9,33.3,12.9,33.4,10.4,33.4,10.4,32.1,35,33.4,11.4,33.5,10.1,33.3,12.2,33.4,11.3,33.4,11.2,33.3,13.1,33.2,14,33.4,10.7,33.4,10.7,33.4,11.3,33.5,10.1
11/24/2021 15:15,7110,118.5,32,Warmup,33.2,14.5,33.2,13.9,33.3,13.7,33.4,11.4,33.4,11.8,32.2,34,33.3,12.6,33.4,10.8,33.3,13.4,33.3,12,33.4,11.9,33.2,14.3,33.2,15.2,33.4,11.9,33.4,11.5,33.3,12.3,33.4,10.5
11/24/2021 15:16,7140,119,32,Warmup,33.2,15.1,33.2,15,33.2,14.9,33.3,12.3,33.3,12.9,32.3,32.1,33.3,13.3,33.4,11.4,33.2,14,33.3,12.9,33.3,13.1,33.2,15,33.1,16.5,33.3,12.5,33.3,12.6,33.3,13,33.4,11.4
11/24/2021 15:16,7170,119.5,32,Warmup,33.2,15.4,33.1,16,33.2,15.6,33.3,13,33.3,12.6,32.4,30.3,33.2,14.3,33.4,10.7,33.2,14.7,33.3,13.9,33.3,13.7,33.1,15.6,33.1,17.2,33.3,13.1,33.3,13.2,33.3,13.6,33.3,12.7
11/24/2021 15:17,7200,120,32,Warmup,33.1,15.9,33.1,17.2,33.1,16.3,33.3,13.9,33.2,14.3,32.4,29.3,33.2,14.5,33.3,12.9,33.2,15.3,33.3,12.2,33.2,14.3,33.1,16.4,33,17.8,33.3,13.8,33.3,13.8,33.2,14.3,33.3,12.7
11/24/2021 15:17,7230,120.5,32,Warmup,33.1,16.4,33,17.9,33.1,17,33.2,14.5,33.2,15.1,32.5,28.3,33.2,15.1,33.3,13.1,33.2,15.3,33.2,15.1,33.2,15,33.1,16.9,33,18.5,33.2,14.4,33.2,14.5,33.2,15,33.3,13.5
11/24/2021 15:18,7260,121,32,Warmup,33.1,16.7,33,17.9,33,17.8,33.2,15.2,33.1,15.7,32.5,27.4,33.1,15.8,33.2,13.9,33.1,16,33.1,15.8,33.2,15.3,33,17.6,33,19.1,33.2,14.4,33.2,14.5,33.2,15,33.2,14
11/24/2021 15:18,7290,121.5,32,Warmup,33.1,17,33,18.6,33,18.3,33.1,15.7,33.1,15.9,32.6,26.3,33.1,16.4,33.2,14,33.1,16.2,33.1,15.8,33.2,15.6,33,18.2,32.9,19.7,33.2,15,33.2,15.1,33.1,15.8,33.2,14.7
11/24/2021 15:19,7320,122,32,Warmup,33.1,17.3,33,18.7,33,18.3,33.1,15.8,33.1,16.3,32.6,25.3,33.1,17,33.2,14.6,33.1,16.6,33.1,16.4,33.1,16,33,18.2,32.9,20.2,33.2,15.6,33.1,15.7,33.1,16.3,33.2,15.4
11/24/2021 15:19,7350,122.5,32,Warmup,33.1,17.5,33,19.2,33,19,33.1,16.5,33.1,16.5,32.7,24.7,33.1,17.4,33.2,14.7,33.1,17.3,33.1,16.5,33.1,16.2,33,18.9,32.9,20.4,33.1,15.6,33.1,15.8,33.1,16.3,33.2,15.4
11/24/2021 15:20,7380,123,32,Warmup,33,18,32.9,19.9,32.9,19.6,33.1,17.1,33.1,17.1,32.7,24.3,33,17.6,33.2,15.3,33,17.9,33,17.7,33.1,16.2,32.9,19.5,32.9,20.7,33.1,16.2,33.1,16.3,33.1,16.6,33.1,16.7
11/24/2021 15:20,7410,123.5,32,Warmup,33,18.2,32.9,19.9,32.9,19.7,33.1,17.1,33,17.6,32.7,24,33,18.3,33.1,15.9,33,17.9,33,17.7,33.1,16.8,32.9,19.5,32.9,21,33.1,16.3,33.1,16.8,33.1,17,33.1,16.8
11/24/2021 15:21,7440,124,32,Warmup,33,18.5,32.9,20.6,32.9,19.9,33,17.8,33,17.8,32.7,23.4,33,18.5,33.1,16,33,17.9,33,18.3,33.1,17.3,32.9,20.2,32.8,21.7,33.1,16.9,33.1,17,33.1,17.3,33.1,17.3
11/24/2021 15:21,7470,124.5,32,Warmup,33,19.1,32.4,29.6,32.9,20.3,33,17.8,33,18.2,32.8,23,33,18.9,33.1,16.6,33,18.5,33,18.9,33,18.1,32.9,20.8,32.8,21.7,33,17.8,33.1,17.3,33,17.6,33.1,17.5
11/24/2021 15:22,7500,125,32,Warmup,33,18.9,32.9,20.6,32.9,20.3,33,18.4,33,18.2,32.8,22.7,33,18.9,33.1,16.6,33,18.5,33,18.9,33,18.1,32.9,20.8,32.8,21.7,33,18.1,33,17.6,33,17.6,33,18.4
11/24/2021 15:22,7530,125.5,32,Warmup,33,19.2,32.9,20.6,32.9,20.8,33,18.6,33,18.7,32.8,22.5,32.9,19.5,33.1,17.2,33,19.1,33,18.9,33,18.1,32.9,21.1,32.8,22.3,33,18.1,33,18.2,33,17.6,33,18.9
11/24/2021 15:23,7560,126,32,Warmup,33,19.3,32.9,20.6,32.9,21,33,18.5,33,18.9,32.8,22.1,32.9,19.5,33.1,17.3,33,19.2,32.9,19.4,33,18.7,32.8,21.5,32.8,22.8,33,18.1,33,18.2,33,17.6,33,18.7
11/24/2021 15:23,7590,126.5,32,Warmup,33,19.4,32.9,20.6,32.9,21,33,19,33,18.9,32.8,21.9,32.9,19.5,33.1,17.5,33,19.2,32.9,19.6,33,18.7,32.8,21.5,32.8,23,33,18.2,33,18.2,33,17.6,33,19.2
11/24/2021 15:24,7620,127,32,Warmup,32.9,19.7,32.9,21.2,32.8,21.7,33,19.1,32.9,19.5,32.8,21.5,32.9,20.1,33,17.9,32.9,19.8,32.9,19.6,33,18.7,32.8,21.5,32.8,23,33,18.4,33,18.8,33,18.3,33,19.3
11/24/2021 15:24,7650,127.5,32,Warmup,32.9,19.7,32.8,21.3,32.8,21.7,33,19.1,32.9,19.5,32.8,21.5,32.9,20.1,33,17.9,32.9,19.9,32.9,20.1,33,19.2,32.8,21.5,32.8,23,33,18.6,33,18.8,33,18.3,33,19.3
11/24/2021 15:25,7680,128,32,Warmup,32.9,19.8,32.8,21.3,32.8,21.7,33,19.2,32.9,19.6,32.8,21.3,32.9,20.3,33,18.2,32.9,19.9,32.9,19.6,33,19.3,32.8,21.7,32.8,23,33,18.8,33,18.9,33,18.3,33,19.4
11/24/2021 15:25,7710,128.5,32,Warmup,32.9,20,32.9,20.6,32.8,21.9,32.9,19.5,32.9,19.5,32.9,20.9,32.9,20.1,32.9,19.8,32.9,20.3,32.9,20.2,33,19.3,32.8,21.7,32.8,23,33,18.8,32.9,19.4,33,18.3,32.9,20
11/24/2021 15:26,7740,129,32,Warmup,32.9,19.9,32.8,21.3,32.8,22.3,32.9,19.7,32.9,19.8,32.9,20.8,32.9,20.2,33,18.6,32.9,20.3,32.9,20.2,33,19.3,32.8,22.1,32.8,23.1,33,18.8,32.9,19.4,33,18.4,33,19.2
11/24/2021 15:26,7770,129.5,32,Warmup,32.9,20.1,32.8,21.3,32.8,22.3,32.9,19.7,32.9,20.1,32.9,20.8,32.9,20.6,33,18.5,32.9,20.5,32.9,20.8,33,19.3,32.8,22.1,32.8,23,33,18.8,32.9,19.4,33,18.9,32.9,19.7
11/24/2021 15:27,7800,130,32,Warmup,32.9,20.2,32.8,21.6,32.8,22.3,32.9,19.7,32.9,20.2,32.9,20.8,32.9,20.7,33,19.2,32.9,20.5,32.9,20.8,33,19.3,32.8,22.1,32.7,23.3,33,19.3,32.9,19.4,33,18.9,32.9,20
11/24/2021 15:27,7830,130.5,32,Warmup,32.9,20.2,32.8,21.3,32.8,22.3,32.9,19.8,32.9,20.2,32.9,20.8,32.9,20.8,33,19.2,32.9,20.3,32.9,20.8,32.9,19.5,32.8,22.1,32.7,23.6,33,19,32.9,19.4,33,18.8,32.9,20
11/24/2021 15:28,7860,131,32,Warmup,32.9,20.2,32.8,21.3,32.8,22.3,32.9,20.3,32.9,20.2,32.9,20.4,32.9,20.8,33,19.2,32.9,20.8,32.9,20.8,32.9,19.5,32.8,22,32.7,23.3,33,18.8,32.9,19.4,33,18.7,32.9,20
11/24/2021 15:28,7890,131.5,32,Warmup,32.9,20.3,32.8,21.3,32.8,22.3,32.9,20.2,32.9,20.2,32.9,20.4,32.9,20.8,32.9,19.9,32.9,21.1,32.9,20.8,32.9,19.5,32.8,22.1,32.7,23.3,33,18.8,32.9,19.4,33,18.9,32.9,20.1
11/24/2021 15:29,7920,132,32,Warmup,32.9,20.4,32.8,21.5,32.8,22.3,32.9,19.7,32.8,22,32.9,20.3,32.9,20.8,33,19.2,32.9,21.1,32.9,20.8,32.9,19.7,32.8,22.1,32.7,23.6,33,19.3,33,19.3,33,18.9,32.9,20
11/24/2021 15:29,7950,132.5,32,Warmup,33,20.1,32.8,21.9,32.8,22.4,32.9,19.7,32.9,19.5,32.9,20.2,32.9,20.8,33.4,18.1,32.9,21.1,32.9,20.9,32.9,19.8,32.8,22.1,32.7,23.3,33,18.3,32.9,19.4,33,18.9,32.9,20.1
11/24/2021 15:30,7980,133,32,Warmup,32.9,20.2,32.8,21.9,32.8,22.3,32.9,19.7,32.9,19.7,32.9,20.2,32.9,20.8,33,19.2,32.9,21.1,32.8,21.5,33,19.3,32.8,22.1,32.7,23.6,33,19.1,32.9,19.4,33,18.9,32.9,20
11/24/2021 15:30,8010,133.5,32,Warmup,32.9,20.1,32.8,21.9,32.8,22.3,32.9,19.7,32.9,20.1,32.9,20.2,32.9,20.8,33,19.2,32.9,21.1,32.8,21.5,33,19.3,32.8,22.1,32.7,23.6,33,18.9,32.9,19.4,32.9,19.5,33,18
11/24/2021 15:31,8040,134,32,Warmup,32.9,20.5,32.8,21.9,32.8,22.3,32.9,19.7,32.9,20.1,32.9,20,32.9,20.7,32.9,19.7,32.8,21.7,32.8,21.4,32.9,19.7,32.8,22.1,32.7,23.6,33,19.4,32.9,19.5,32.9,19.6,32.9,20.4
11/24/2021 15:31,8070,134.5,32,Warmup,32.9,20.3,32.8,21.3,32.8,22.3,32.9,19.7,32.9,19.6,32.9,20,32.9,20.8,33,19.2,32.8,21.8,32.8,21.5,32.9,19.9,32.8,22.1,32.7,23.6,33,19.3,32.9,19.4,32.9,19.6,32.9,20
11/24/2021 15:32,8100,135,32,Warmup,32.9,20.3,32.8,21.3,32.8,22.3,32.9,19.7,32.9,19.5,32.9,19.6,32.9,20.8,33,19.1,32.8,21.8,32.8,21.4,32.9,19.9,32.8,22.1,32.7,23.6,32.9,19.7,32.9,19.4,32.9,19.6,32.9,20
11/24/2021 15:32,8130,135.5,32,Warmup,32.9,20.2,32.9,21.2,32.8,22.3,32.9,19.6,32.9,19.5,32.9,19.6,32.9,20.8,33,19.2,32.8,21.7,32.8,21.5,33,19.3,32.8,22.1,32.8,23,33,18.8,33,19.2,32.9,19.6,32.9,20
11/24/2021 15:33,8160,136,32,Warmup,32.9,19.9,32.9,20.6,32.8,21.7,33,19.1,32.9,19.5,33,19.1,32.9,20.5,33,19,32.8,21.2,32.9,20.9,32.9,19.5,32.8,22.1,32.8,23,33,18.8,33,18.9,32.9,19.6,32.9,19.8
11/24/2021 15:33,8190,136.5,32,Warmup,32.9,19.9,32.9,20.6,32.8,21.7,33,19.1,33,19.3,33,19.1,32.9,20.4,33,18.6,32.8,21.8,32.9,20.8,33,19.3,32.8,21.8,32.7,23.2,33,19.3,33,18.9,32.9,19.6,32.9,19.4
11/24/2021 15:34,8220,137,32,Warmup,32.9,19.7,32.9,20.6,32.8,21.7,33,19.1,33,18.9,33,19,32.9,20.2,33,18.6,32.8,21.3,32.9,20.8,33,19.3,32.8,21.5,32.8,23,33,18.8,33,19,32.9,19.6,33,19.3
11/24/2021 15:34,8250,137.5,32,Warmup,32.9,19.7,32.9,19.9,32.8,21.6,33,18.9,33,18.9,33,18.9,32.9,20.2,33,18.8,32.8,21.8,32.9,20.4,33,19.3,32.8,21.5,32.8,23,33,18.8,33,18.8,32.9,19.6,33,19.3
11/24/2021 15:35,8280,138,32,Warmup,32.9,19.7,32.9,19.9,32.9,21,33,18.4,33,18.9,33,18.9,32.9,20.1,33,19.1,32.8,21.8,32.9,20.7,33,19.3,32.8,21.5,32.7,23.1,33,18.8,33,18.9,32.9,19.6,33,19.3
11/24/2021 15:35,8310,138.5,32,Warmup,33,19.4,32.9,20,32.9,21,33,19.1,33,18.9,33.2,15.7,32.9,20.1,33,18.5,32.8,21.8,32.9,20.8,33,19.3,32.8,21.5,32.8,23,33,18.8,33,19.4,32.9,19.6,33,19.3
11/24/2021 15:36,8340,139,32,Warmup,32.9,19.7,32.9,20.5,32.8,21.5,33.1,17.3,33,18.9,32.9,20.3,32.9,20.1,33.1,17.4,32.8,21.8,32.9,20.8,33,19.3,32.8,21.5,32.8,23,33,18.8,33,19.3,32.9,19.6,33,19.3
11/24/2021 15:36,8370,139.5,32,Warmup,32.9,19.9,32.9,20.2,32.9,21.1,32.9,21,33,18.9,33,18.9,32.9,20.1,33,18.6,32.8,21.9,32.9,20.7,33,19.3,32.8,21.5,32.8,23,33,18.8,32.9,19.4,32.9,19.6,32.9,19.4
11/24/2021 15:37,8400,140,32,Warmup,32.9,19.7,32.9,20,32.8,21.4,33,19.1,33,18.9,33,18.4,32.9,20.1,33,18.5,32.8,22,32.9,20.2,33,19.3,32.8,21.5,32.7,23.2,33,18.8,32.9,19.4,32.9,19.6,33,19.3
11/24/2021 15:37,8430,140.5,32,Comfort,32.9,19.7,32.9,20.6,32.8,21.5,33,19,33,18.9,33,17.9,32.9,20.1,33,18.5,32.8,22.2,32.9,20.2,33,19.3,32.8,21.5,32.7,23.5,33,18.8,32.9,19.4,32.9,19.6,33,19.3
11/24/2021 15:38,8460,141,32,Comfort,32.9,19.9,32.9,20.6,32.8,21.7,33,19.1,32.9,19.5,33,18.9,32.9,20.1,33,18.6,32.8,22.4,32.9,20.8,33,19.3,32.8,21.5,32.7,23.3,33,18.8,32.9,19.4,32.9,19.6,33,19.3
11/24/2021 15:38,8490,141.5,32,Comfort,32.9,19.8,32.9,20.6,32.8,21.7,33,19.1,33,19.1,33,18.3,32.9,20.1,33,19.1,32.8,22.4,32.9,20.8,33,19.3,32.8,21.5,32.8,23.1,33,18.8,32.9,19.4,32.9,19.4,33,19.3
11/24/2021 15:39,8520,142,32,Comfort,32.9,19.9,32.9,20.6,32.8,21.7,33,19.1,32.9,19.4,33,18.9,32.9,20.1,33,18.9,32.8,22.4,32.9,20.6,33,19.3,32.8,21.5,32.8,23,33,18.7,32.9,19.4,32.9,19.6,33,19.3
11/24/2021 15:39,8550,142.5,32,Comfort,32.9,19.8,32.9,20.6,32.8,21.7,33,19.1,33,19.2,33,18.3,32.9,20.1,33,18.7,32.8,22.4,32.9,20.5,33,19.3,32.8,21.5,32.7,23.3,33,18.8,32.9,19.4,32.9,19.6,33,19.3
11/24/2021 15:40,8580,143,32,Comfort,32.9,20,32.9,20.6,32.8,21.7,33,19.1,33,19.3,33,18.9,32.9,20.2,33,19.1,32.8,22.5,32.9,20.8,33,19.3,32.8,21.7,32.7,23.4,33,18.8,32.9,19.4,32.9,20,33,19.3
11/24/2021 15:40,8610,143.5,32,Comfort,32.9,19.6,32.9,20.9,32.8,21.7,33,19.1,32.9,19.5,33.2,14.7,32.9,20.3,33,19.2,32.8,22.4,32.9,20.8,33,19.3,32.8,21.6,32.7,23.2,33,18.8,32.9,19.8,32.9,19.8,33,19.3
11/24/2021 15:41,8640,144,32,Comfort,32.9,20,32.9,20.7,32.8,21.7,33,19,32.9,19.5,33,19,32.9,20.4,33,19.2,32.8,22.4,32.9,20.8,33,19.3,32.8,21.7,32.7,23.6,33,18.8,32.9,19.4,32.9,20,33,19.3
11/24/2021 15:41,8670,144.5,32,Comfort,32.9,20.1,32.9,21,32.8,21.7,33,19.1,32.9,19.5,33,19,32.9,20.4,33,19.2,32.8,22.6,32.9,20.8,33,19.3,32.8,22.1,32.7,23.6,33,18.9,32.9,19.4,32.9,20,33,19.3
11/24/2021 15:42,8700,145,32,Comfort,32.9,20.1,32.8,21.3,32.8,21.7,32.9,19.5,32.9,19.5,33,19,32.9,20.5,33,18.5,32.8,22.6,32.8,21.4,33,19.3,32.8,22.1,32.7,23.6,33,19,32.9,19.4,32.9,20,33,19.3
11/24/2021 15:42,8730,145.5,32,Comfort,32.9,20.1,32.8,21.3,32.8,21.7,33,19.3,32.9,19.5,33,18.9,32.9,20.5,33,19.2,32.8,22.7,32.9,20.8,33,19.3,32.8,21.5,32.7,23.6,33,18.8,32.9,19.4,32.9,19.9,33,19.3
11/24/2021 15:43,8760,146,32,Comfort,32.9,20.2,32.8,21.6,32.8,21.7,32.9,19.5,32.9,19.9,33,18.9,32.9,20.4,33,19.2,32.8,23.1,32.9,20.9,32.9,19.8,32.8,22.1,32.7,23.6,33,19.1,32.9,19.4,32.9,20.2,33,19.3
11/24/2021 15:43,8790,146.5,32,Comfort,32.9,20.2,32.8,21.3,32.8,21.7,32.9,19.4,32.9,19.5,33,18.9,32.9,20.6,33,19.1,32.8,22.9,32.8,21.3,32.9,19.9,32.8,22.1,32.7,23.6,33,19.1,32.9,19.4,32.9,20.2,33,19.3
11/24/2021 15:44,8820,147,32,Comfort,32.9,20.2,32.8,21.5,32.8,21.7,32.9,19.4,32.9,19.6,33,18.9,32.9,20.4,33,19.2,32.8,23.1,32.9,21.2,32.9,19.8,32.8,22.1,32.7,23.6,33,18.8,32.9,19.4,32.9,20.1,33,19.3
11/24/2021 15:44,8850,147.5,32,Comfort,32.9,20.2,32.8,21.5,32.8,21.7,33,19.2,32.9,19.5,33,18.9,32.9,20.4,33,19.2,32.8,23.1,32.8,21.4,32.9,19.9,32.8,22.1,32.7,23.6,33,19.3,32.9,19.4,32.9,20.2,33,19.3
11/24/2021 15:45,8880,148,32,Comfort,32.9,20.2,32.8,21.9,32.8,22.3,33,19.2,32.9,20.1,33,18.9,32.9,20.4,33,19,32.8,23.1,32.8,21.5,32.9,19.9,32.8,21.7,32.7,23.6,33,19,32.9,19.4,32.9,20.1,33,19.3
11/24/2021 15:45,8910,148.5,32,Comfort,32.9,20.3,32.8,21.9,32.8,22.3,32.9,19.7,32.9,20.1,33,18.9,32.9,20.2,33,19.2,32.8,23.1,32.8,21.5,32.9,19.9,32.8,21.7,32.7,23.6,33,19.3,32.9,19.4,32.9,19.9,33,19.3
11/24/2021 15:46,8940,149,32,Comfort,32.9,20.2,32.8,21.9,32.8,22,32.9,19.7,32.9,19.6,33,18.9,32.9,20.4,33,19.2,32.8,23.1,32.8,21.3,32.9,19.8,32.8,21.8,32.7,23.6,33,19,32.9,19.4,32.9,20.2,33,19.3
11/24/2021 15:46,8970,149.5,32,Comfort,32.9,20.3,32.8,21.9,32.8,22.1,32.9,19.6,32.9,19.8,33,18.9,32.9,20.5,33,19.1,32.8,23.1,32.8,21.5,32.9,19.9,32.8,22.1,32.7,23.6,33,19.3,32.9,19.4,32.9,20.3,33,19.3
11/24/2021 15:47,9000,150,32,Comfort,32.9,20.3,32.8,21.6,32.8,21.7,32.9,19.6,32.9,19.6,33,18.9,32.9,20.6,33,19.2,32.8,23.1,32.8,21.5,32.9,19.7,32.8,22.1,32.7,23.6,33,19.3,32.9,19.4,32.9,20.3,33,19.3
11/24/2021 15:47,9030,150.5,32,Comfort,32.9,20.5,32.8,21.5,32.8,21.8,32.7,24.5,32.9,19.6,33,18.9,32.9,20.4,33,19.1,32.8,23.1,32.8,21.5,33,19.3,32.8,22.1,32.7,23.6,33,19.2,32.9,19.4,32.9,20.3,33,19.3
11/24/2021 15:48,9060,151,32,Comfort,32.9,19.9,32.8,21.3,32.8,21.7,33,19.1,32.9,19.5,33,18.5,32.9,20.2,33,18.5,32.8,23.1,32.8,21.5,32.9,19.5,32.8,22.1,32.7,23.6,33,19.3,32.9,19.5,32.9,20.2,33,17.9
11/24/2021 15:48,9090,151.5,32,Comfort,33,19.7,32.8,21.3,32.8,21.7,33,19.1,32.9,19.5,33,18.6,33.4,17.3,33,18.6,32.8,23.1,32.8,21.5,32.9,19.5,32.8,22.1,32.7,23.6,33,19,32.9,19.5,32.9,20.2,33,19.3
11/24/2021 15:49,9120,152,32,Comfort,32.9,20.1,32.9,20.9,32.8,21.7,33,19.1,32.9,19.5,33,18.5,32.9,20.2,33,18.7,32.8,23.1,32.8,21.5,32.9,19.9,32.8,22.1,32.7,23.6,33,19.2,32.9,19.5,32.9,20.2,33,19.3
11/24/2021 15:49,9150,152.5,32,Comfort,32.9,19.9,32.8,21.3,32.8,21.7,33,19.1,32.9,19.5,33,18.3,32.9,20.1,33,17.6,32.8,23.1,32.8,21.3,32.9,19.9,32.8,22,32.7,23.6,33,19.3,32.9,19.5,32.9,20.2,33,19.3
11/24/2021 15:50,9180,153,32,Comfort,32.9,20.2,32.8,21.3,32.8,21.7,33,19.1,32.9,19.5,33,18.3,32.9,20.2,32.9,20.3,32.8,23.1,32.8,21.5,32.9,19.8,32.8,21.9,32.7,23.6,33,19.3,32.9,19.5,32.9,20.2,33,19.3
11/24/2021 15:50,9210,153.5,32,Comfort,32.9,20,32.8,21.3,32.8,21.7,33,19.1,32.9,19.5,33,18.4,32.9,19.9,33,18.5,32.8,23.1,32.8,21.5,32.9,19.6,32.8,21.6,32.7,23.6,33,18.8,32.9,19.5,32.9,20.1,33,19.3
11/24/2021 15:51,9240,154,32,Comfort,32.9,19.9,32.9,20.6,32.8,21.3,33,18.9,33,19.2,33,18.3,32.9,20.1,33,18.8,32.8,23.1,32.8,21.2,33,19.3,32.8,21.7,32.7,23.6,33,18.8,32.9,19.5,32.9,19.7,33,19.3
11/24/2021 15:51,9270,154.5,32,Comfort,32.9,20,32.9,20.6,32.9,21,33,18.7,33,19,33,18.3,32.9,20.1,33,19.1,32.8,23.1,32.8,21.5,32.9,19.5,32.8,22,32.7,23.6,33,19,32.9,19.4,32.9,20,33,19.3
11/24/2021 15:52,9300,155,32,Comfort,32.9,19.8,32.9,19.9,32.9,21,33,18.4,33,18.9,33,17.7,32.9,20.1,33,18.6,32.7,23.4,32.9,20.8,33,19.3,32.8,21.5,32.7,23.6,33,18.8,32.9,19.4,32.9,19.9,32.9,19.5
11/24/2021 15:52,9330,155.5,32,Comfort,32.9,19.7,32.9,19.9,32.9,21,33,18.4,33,18.9,33,17.7,32.9,20,33,18.5,32.8,23.1,32.9,20.8,33,19.3,32.8,21.5,32.7,23.6,33,18.8,32.9,19.4,32.9,19.8,33,19
11/24/2021 15:53,9360,156,32,Comfort,32.9,20.4,32.9,19.9,32.9,20.4,33,18.4,33,18.4,32.6,25.8,32.9,19.5,33,18.4,32.8,23.1,32.9,20.4,33,19.3,32.8,21.4,32.7,23.6,33,18.8,32.9,19.5,32.9,19.6,33,18.7
11/24/2021 15:53,9390,156.5,32,Comfort,32.9,19.5,33,19.3,32.9,20.3,33,18,33,18.3,33,18.4,32.9,19.5,33,18.5,32.8,23,32.9,20.2,33,19.3,32.9,20.8,32.7,23.5,33,18.8,32.9,19.5,32.9,19.6,33,18.7
11/24/2021 15:54,9420,157,32,Comfort,33,19.2,33,19.3,32.9,20.3,33,17.8,33,18.2,33.1,17,32.9,19.5,33,18.2,32.8,23,32.9,20.2,33,19.3,32.9,20.8,32.7,23.2,33,18.1,33,19.2,32.9,19.6,33,18.7
11/24/2021 15:54,9450,157.5,32,Comfort,33,19.1,33,19.3,32.9,20.3,33,17.8,33,18.2,33.1,16.5,32.9,19.5,33,18.5,32.8,22.5,32.9,20,33,19.3,32.9,20.8,32.8,23,33,18.1,33,18.8,32.9,19.5,33,18.7
11/24/2021 15:55,9480,158,32,Comfort,33,19,33,18.9,32.9,19.7,33,17.8,33,18.2,33.1,16.5,33,19.2,33,18.6,32.8,22.4,32.9,19.6,33,19.3,32.9,20.7,32.8,23,33,18.1,33,18.8,33,19.3,33,18.7
11/24/2021 15:55,9510,158.5,32,Comfort,33,19.2,33,18.8,32.9,20,32.9,20.9,33,18,33.1,16.4,33,19,33,18.3,32.8,22.7,32.9,19.6,33,19.3,32.9,20.3,32.8,23,33,18.1,33,18.9,33,19.3,33,19
11/24/2021 15:56,9540,159,32,Comfort,33,19,33,19.2,32.9,20.2,33,17.5,33,18.2,33.1,16.6,33,19.1,33,18.5,32.8,22.5,32.9,19.6,33,18.7,32.9,20.5,32.8,23,33,18.1,33,18.8,33,19.2,33,18.7
11/24/2021 15:56,9570,159.5,32,Comfort,33,19.2,33,19.2,32.9,19.7,33,17.8,33,17.9,33.1,16.8,32.9,20.6,33,18.5,32.8,22.8,32.9,20.1,33,18.8,32.9,20.8,32.8,23,33,18.1,33,18.8,33,19.2,33,18.7
11/24/2021 15:57,9600,160,32,Comfort,33,19,33,19.2,32.9,19.9,33,17.8,33,18.2,33.1,16.9,33,18.9,33,18.6,32.8,22.4,32.9,19.7,33,18.7,32.9,20.3,32.8,23,33,18.1,33,18.8,33,19,33,18.7
11/24/2021 15:57,9630,160.5,32,Comfort,33,19,33,18.7,32.9,19.6,33,17.7,33,17.9,33.1,16.6,33,19,33,19.1,32.8,22.4,32.9,19.6,33,18.7,32.9,20.2,32.8,23,33,18.1,33,18.7,33,19.1,33,18.7
11/24/2021 15:58,9660,161,32,Comfort,33,19.1,33,18.6,32.9,19.6,33,17.8,33,17.8,33.1,16.8,33,18.9,32.9,19.5,32.8,22.4,32.9,19.6,33,18.7,32.9,20.4,32.8,22.9,33,18.1,33,18.8,32.9,19.6,33,18.7
11/24/2021 15:58,9690,161.5,32,Comfort,33,18.9,33,18.6,32.9,19.6,33.1,17.4,33,17.7,33.1,16.6,33,18.9,33,17.9,32.8,22.6,32.9,19.6,33,18.7,32.9,20.2,32.8,23,33,18.1,33,18.8,33,18.9,32.9,19.5
11/24/2021 15:59,9720,162,32,Comfort,33,19.1,33,19.3,32.9,20.3,33,17.8,33,18.2,33.1,17,33,19,33,19.2,32.8,22.6,32.9,19.6,33,18.7,32.9,20.6,32.8,22.9,33,18.1,33,18.8,33,19.1,33,18.7
11/24/2021 15:59,9750,162.5,32,Comfort,33,19,33,19.3,32.9,20.3,33,17.8,33,18.2,33.1,17.1,33,18.9,33,18.5,32.8,22.7,32.9,19.6,33,18.7,32.9,20.4,32.8,22.7,33,18.1,33,18.8,33,19.1,33,18.7
11/24/2021 16:00,9780,163,32,Comfort,33,19.1,33,19.2,32.9,20.4,33,17.8,33,18.2,33.1,17.2,33,19.3,33,18.2,32.8,22.9,32.9,19.6,33,18.7,32.9,20.7,32.8,23,33,18.1,33,18.8,33,19.3,33,18.7
11/24/2021 16:00,9810,163.5,32,Comfort,33,19.1,33,19.3,32.9,20.3,33,17.8,33,18.2,33.1,17.4,32.9,20,33,18,32.8,22.7,32.9,19.9,33,18.7,32.9,20.7,32.8,23,33,18.1,33,19,33,19.1,33,18.2
11/24/2021 16:01,9840,164,32,Comfort,33,19.1,32.9,19.9,32.9,20.3,33,17.8,33,18.2,33.1,17.2,32.9,19.5,33,18.1,32.8,22.6,32.9,19.9,33,18.7,32.9,20.5,32.8,23,33,18.1,33,18.9,33,19.3,33,18.7
11/24/2021 16:01,9870,164.5,32,Comfort,33,19.3,33,19.4,32.9,20.3,33,17.9,33,18.3,33,17.6,32.9,20,33,18.4,32.8,22.5,32.9,20.2,33,18.6,32.9,20.8,32.8,23,33,18.1,33,18.8,33,19.3,33,19.2
11/24/2021 16:02,9900,165,32,Comfort,32.9,19.9,32.9,19.8,32.9,20.5,33,18.3,33,18.3,33,17.7,32.5,26.9,33.3,17.4,32.8,22.4,32.9,20.2,33,18.5,32.9,20.8,32.8,22.8,33,18.1,33,18.7,33,19.1,33,18.7
11/24/2021 16:02,9930,165.5,32,Comfort,33,19.1,32.9,19.9,32.9,20.9,33.1,16.2,33.1,16.3,33,17.7,32.9,19.5,33,18.6,32.8,22.6,32.9,20.2,33,18.2,32.9,20.8,32.8,22.6,33,18.1,33,18.9,33,19.4,33,18.9
11/24/2021 16:03,9960,166,32,Comfort,32.9,20.8,32.9,19.9,32.9,20.9,32.8,21.4,33,18.8,33,17.7,32.3,30.9,33,18.3,32.8,22.6,32.9,20.2,33,18.7,32.9,20.8,32.8,23,33,18.1,33,18.8,32.9,19.5,33,18.9
11/24/2021 16:03,9990,166.5,32,Comfort,32.9,19.9,32.9,20.4,32.9,21,33,18.9,33,18.9,33,17.7,32.9,19.5,32.8,23,32.8,22.7,32.9,20.2,33,18.7,32.9,20.8,32.8,23,33,18.1,33,18.8,32.9,19.5,33,18.7
11/24/2021 16:04,10020,167,32,Comfort,32.9,19.8,32.9,20.6,32.9,21,33,18.9,33,18.9,33,17.7,32.9,19.5,32.8,22.1,32.8,22.8,32.9,20.2,33,18.6,32.9,20.8,32.8,23,33,18.1,33,19,32.9,19.5,33,18.7
11/24/2021 16:04,10050,167.5,32,Comfort,32.9,19.5,32.9,20.6,32.9,21,33,18.9,33,18.9,33,17.7,32.9,19.5,33,18.4,32.8,23.1,32.9,20.3,33,18.6,32.9,20.8,32.8,23,33,18.1,32.9,19.4,32.9,19.6,33,18.7
11/24/2021 16:05,10080,168,32,Comfort,32.9,20.9,32.9,20.6,32.8,21.2,32.3,30.7,33,18.9,33,17.7,32.9,19.8,33,17.7,32.8,23.1,32.9,20.3,33,18.7,32.9,20.8,32.8,23,33,18.1,33,19.2,32.9,19.6,32.5,27.3
11/24/2021 16:05,10110,168.5,32,Comfort,32.9,19.6,32.9,20.6,32.9,21.2,33,18.9,33,18.9,33,17.7,32.9,19.8,33,18.7,32.8,23.1,32.9,20.3,33,18.7,32.9,20.8,32.8,23,33,18.1,32.9,19.4,32.9,19.6,33,18.7
11/24/2021 16:06,10140,169,32,Comfort,32.9,19.6,32.9,20.6,32.9,21,33,19,33,18.9,33,17.7,32.9,20.4,33,18.6,32.8,23.1,32.9,20.2,33,18.7,32.9,20.8,32.8,23.1,33,18.1,32.9,19.4,32.9,19.6,33,18.8
11/24/2021 16:06,10170,169.5,32,Comfort,32.9,19.7,32.9,20.6,32.9,21,33,18.6,33,18.9,33,17.7,32.9,19.5,32.9,20.1,32.8,23.1,32.9,20.2,33,18.7,32.9,20.8,32.7,23.2,33,18.1,32.9,19.4,32.9,19.6,33,18.7
11/24/2021 16:07,10200,170,32,Comfort,33,19.3,32.9,20.6,32.9,21,33,18.7,33,18.9,33,17.7,32.9,19.8,33.1,16.9,32.8,23.1,32.9,20.2,33,18.7,32.9,20.8,32.7,23.2,33,18.1,33,19.1,32.9,19.4,33,18.7
11/24/2021 16:07,10230,170.5,32,Comfort,32.9,19.5,32.9,20.6,32.9,21,33,18.9,33,19,33,17.7,32.9,19.5,33,18.6,32.8,23.1,32.9,20.6,33,18.7,32.9,20.8,32.7,23.3,33,18.1,32.9,19.4,32.9,19.6,33,18.7
11/24/2021 16:08,10260,171,32,Comfort,32.9,19.6,32.9,20.6,32.9,21.1,33,18.9,33,18.9,33,17.7,32.9,19.5,33,18.6,32.8,23.1,32.9,20.8,33,18.7,32.8,21.4,32.7,23.4,33,18.1,32.9,19.4,32.9,19.6,33,19.3
11/24/2021 16:08,10290,171.5,32,Comfort,32.9,19.6,32.9,20.6,32.8,21.5,33,18.7,33,19,33,17.7,32.9,19.6,33,18.6,32.8,23.1,32.9,20.8,33,18.7,32.9,20.8,32.8,23.1,33,18.1,32.9,19.4,32.9,19.6,33,19.2
11/24/2021 16:09,10320,172,32,Comfort,32.9,19.6,32.9,20.6,32.8,21.3,33,18.4,33,19.1,33,17.8,32.9,19.9,33,18.7,32.8,23.1,32.9,20.8,33,18.7,32.8,21.3,32.8,23,33,18.1,33,19.3,32.9,19.6,33,19.3
11/24/2021 16:09,10350,172.5,32,Comfort,32.9,19.5,32.9,20,32.8,21.4,33,18.4,33,19,33,17.7,32.9,20,33,18.3,32.8,23,32.9,20.8,33,18.7,32.9,21,32.8,23,33,18.1,33,19,32.9,19.6,33,19.3
11/24/2021 16:10,10380,173,32,Comfort,33,19.6,32.9,19.9,32.9,21,33,19.2,32.9,19.7,33.2,16.4,32.9,20.1,33,19.2,32.8,23.1,32.9,20.2,33,18.7,32.9,20.8,32.8,23,33,18.1,33,18.9,32.9,19.6,33,19.1
11/24/2021 16:10,10410,173.5,32,Comfort,32.9,19.5,32.9,19.9,32.9,21,33,18.7,33,18.9,33.1,17,32.9,20.1,33,19,32.8,22.7,32.9,21.1,33,18.7,32.9,21,32.8,23,33,18.1,33,18.8,32.9,19.6,33,19.1
11/24/2021 16:11,10440,174,32,Comfort,32.9,19.7,32.9,19.9,32.6,25.3,32.9,19.5,33,18.6,33,18.2,32.9,20.1,33,18.2,32.8,22.7,32.9,21.1,33,18.7,32.9,21.2,32.8,23,33,18.1,33,18.8,32.9,19.6,33,19.2
11/24/2021 16:11,10470,174.5,32,Comfort,32.9,19.5,32.9,19.8,32.9,20.1,33,18.5,33,18.5,33,18.4,32.9,20,33,19,32.8,22.5,32.9,20.3,33,18.7,32.9,20.8,32.8,23,33,18.1,33,18.6,33,19.3,33,19
11/24/2021 16:12,10500,175,32,Comfort,33,19.2,33,19.3,32.9,20.5,33.1,16.4,33,18.5,33,17.7,32.9,19.9,33,18.6,32.8,22.7,32.9,20.7,33,18.7,32.9,20.9,32.8,23,33,18.1,33,18.8,33,19.3,33,18.7
11/24/2021 16:12,10530,175.5,32,Comfort,32.9,20.2,33,19.3,32.9,20,33,18.4,33,18.3,32.6,25.8,32.9,19.8,33,18.5,32.8,22.5,32.9,20.2,33,18.7,32.9,20.8,32.8,22.9,33,18.1,33,18.7,33,19.3,33,18.7
11/24/2021 16:13,10560,176,32,Comfort,33,19.3,33,19.3,32.9,21,33,18.4,33,18.3,33,17.7,32.9,19.7,33,18.8,32.8,22.4,32.9,20.2,33,18.6,32.9,20.8,32.8,22.8,33,18.1,33,18.4,33,19.1,33,18.7
11/24/2021 16:13,10590,176.5,32,Comfort,33,19.1,33,18.7,32.9,19.8,33,18.3,33,18.2,33,17.7,32.9,19.7,33,18.5,32.8,22.4,32.9,20.2,33,18.4,32.9,20.8,32.8,22.3,33,18.1,33,18.3,33,18.9,33,18.7
11/24/2021 16:14,10620,177,32,Comfort,33,19.1,33,18.6,33,19.3,33,18,33,18.3,33,17.7,32.9,19.6,33,18.5,32.8,22.4,32.9,20.2,33,18.3,32.9,20.8,32.8,22.3,33,18.1,33,18.2,33,18.9,33,18.7
11/24/2021 16:14,10650,177.5,32,Comfort,33,19,33,18.6,33,19.1,33,17.8,33,18.2,33.1,17.3,32.9,19.5,33,18.5,32.8,22.4,32.9,20.2,33,18.1,32.9,20.7,32.8,22.5,33,18.1,33,18.2,33,18.9,33,18.7
11/24/2021 16:15,10680,178,32,Comfort,33,18.9,33,18.6,33,18.9,33,17.8,33,18.1,33.1,17.1,32.9,19.5,33,18.2,32.8,22.4,32.9,19.6,33,18.1,32.9,20,32.8,22.3,33,17.8,33,18.2,33,18.9,33,18.7
11/24/2021 16:15,10710,178.5,32,Comfort,33,18.9,33,18.6,33,19.1,33,17.8,33,18.2,33.1,17,32.9,19.7,33,18.1,32.8,22.4,32.9,20.1,33,18.1,32.9,20.4,32.8,22.3,33,17.5,33,18.2,33,18.9,33,18.7
11/24/2021 16:16,10740,179,32,Comfort,33,19,33,18.6,33,19.1,33,17.8,33,17.7,33.1,17.1,32.9,19.5,33,19.4,32.8,22.4,32.9,19.6,33,18.1,32.9,20.2,32.8,22.3,33,17.5,33,18.2,33,18.9,33,18.7
11/24/2021 16:16,10770,179.5,32,Comfort,33,18.9,33,18.6,32.9,19.6,33,17.8,33,18.2,33.1,17.1,32.9,19.5,33,18.3,32.8,22.4,32.9,20.2,33,18.1,32.9,20.2,32.8,22.3,33,17.5,33,18.2,33,18.9,33,18.7
11/24/2021 16:17,10800,180,32,Comfort,33,19,33,18.7,32.9,19.6,33,17.8,33,18.2,33.1,17.1,32.9,19.5,33,18.5,32.8,22.4,32.9,20.2,33,18.1,32.9,20.3,32.8,22.3,33,17.5,33,18.2,33,18.9,33,18.7
11/24/2021 16:17,10830,180.5,32,Comfort,33,18.9,33,18.6,32.9,19.6,33,17.8,33,18.1,33.1,17.1,32.9,19.5,33,18.5,32.8,22.4,32.9,20.1,33,18.1,32.9,20.2,32.8,22.3,33,17.5,33,18.2,33,18.9,33,18.7
11/24/2021 16:18,10860,181,32,Comfort,33,18.9,33,18.8,32.9,19.7,33,17.8,33,18.1,33.1,17.2,32.9,19.7,33,17.9,32.8,22.4,32.9,20.1,33,18.1,32.9,20.7,32.8,22.3,33,17.5,33,18.2,33,18.9,33,18.7
11/24/2021 16:18,10890,181.5,32,Comfort,33,19.1,33,19.2,32.9,19.7,33,17.8,33,18.2,33.1,17.2,32.9,19.6,33,18.5,32.8,22.6,32.9,20.2,33,18.1,32.9,20.8,32.8,22.3,33,17.7,33,18.7,33,18.9,33,18.7
11/24/2021 16:19,10920,182,32,Comfort,33,19.1,33,19.2,32.9,19.8,33,18.1,33,18.2,33,17.6,32.9,19.6,33,18.5,32.8,22.6,32.9,20.2,33,18.1,32.9,20.8,32.8,22.3,33,17.9,33,18.6,33,19,33,18.7
11/24/2021 16:19,10950,182.5,32,Comfort,33,19.2,32.9,19.5,32.9,20.2,33,18.1,33,18.2,33,17.6,32.9,19.6,33,18.5,32.8,22.9,32.9,20.2,33,18.1,32.9,20.8,32.8,21.9,33,18.1,33,18.8,33,19.2,33,18.7
11/24/2021 16:20,10980,183,32,Comfort,33,19.3,32.9,19.6,32.9,20.3,33,18.4,33,18.3,33,17.7,32.9,20.1,33,18.5,32.8,22.6,32.9,20.2,33,18.1,32.9,20.8,32.8,22.3,33,18.1,33,18.8,33,19.1,33,18.7
11/24/2021 16:20,11010,183.5,32,Comfort,33,19.3,32.9,19.4,32.9,20.3,33,18.4,33,18.4,33.1,17.4,32.9,19.8,33,18.5,32.8,22.6,32.9,20.2,33,18.1,32.9,20.8,32.8,22.5,33,18.1,33,18.8,33,18.9,33,19.3
11/24/2021 16:21,11040,184,32,Comfort,32.9,19.4,32.9,19.9,32.9,20.5,33,18.4,33,18.9,33,17.7,32.9,20.1,33,18.8,32.8,22.5,32.9,20.2,33,18.4,32.9,20.8,32.8,22.8,33,18.1,33,18.8,33,18.9,33,19.3
11/24/2021 16:21,11070,184.5,32,Comfort,32.9,19.4,32.9,19.9,32.9,20.5,33,19,33,18.9,33,17.7,32.9,20.2,33,17.9,32.8,22.5,32.9,20.8,33,18.7,32.8,21.2,32.8,22.9,33,18.1,33,18.8,33,19,33,19.3
11/24/2021 16:22,11100,185,32,Comfort,32.9,19.6,32.9,19.9,32.9,21,33,18.7,33,18.9,33,17.7,32.9,20.1,33,18.5,32.8,23,32.9,20.5,33,18.7,32.9,21.1,32.8,23,33,18.1,32.9,19.5,33,19,32.9,20
11/24/2021 16:22,11130,185.5,32,Comfort,32.9,19.6,32.9,19.9,32.9,21,33,18.9,33,18.9,33,17.7,32.9,20.1,33,18.5,32.8,22.6,32.9,20.6,33,18.8,32.9,20.9,32.8,23,33,18.1,33,19,33,18.9,32.9,20
11/24/2021 16:23,11160,186,32,Comfort,32.9,19.6,32.9,19.9,32.9,21,33,19.1,33,19,33,17.7,32.9,20.1,33,18.6,32.8,22.7,32.9,20.8,33,19.1,32.8,21.4,32.8,23,33,18.1,33,19.2,33,18.9,32.9,20
11/24/2021 16:23,11190,186.5,32,Comfort,32.9,20.7,32.9,20,32.9,21,33,18.9,33,18.9,33,17.7,32.4,28.8,32.9,19.5,32.8,23,32.9,20.8,33,19.3,32.8,21.5,32.8,23,33,18.1,32.9,19.4,33,19.1,32.9,20
11/24/2021 16:24,11220,187,32,Comfort,32.9,19.9,32.9,19.9,32.9,21.2,33,19.1,33,19.3,33,17.7,32.9,20.7,32.9,19.5,32.8,23,32.9,20.8,33,19.3,32.8,21.5,32.8,23,33,18.8,32.9,19.4,33,19.3,32.9,20
11/24/2021 16:24,11250,187.5,32,Comfort,32.9,19.7,32.9,20.6,32.8,21.6,33,19.1,32.9,19.5,33,17.7,32.9,20.4,33,17.8,32.8,23.1,32.9,20.6,33,19.3,32.8,21.5,32.7,23.5,33,18.3,32.9,19.5,33,19.1,32.9,20.1
11/24/2021 16:25,11280,188,32,Comfort,32.9,20,32.9,20.8,32.8,21.7,33,19.1,32.9,19.5,33,17.7,32.9,20.8,32.9,19.6,32.8,23,32.9,20.8,33,19.3,32.8,21.5,32.7,23.1,33,18.2,32.9,19.5,33,18.9,32.9,20.3
11/24/2021 16:25,11310,188.5,32,Comfort,32.9,20.8,32.9,20.7,32.8,21.7,33,19.1,32.9,19.5,33,18.1,32.6,26.7,32.9,19.4,32.8,23.1,32.9,20.9,32.9,19.5,32.8,21.5,32.7,23.6,33,18.8,32.9,19.5,32.9,19.6,32.9,20.6
11/24/2021 16:26,11340,189,32,Comfort,32.9,20.3,32.7,23.1,32.8,21.7,32.9,19.6,32.9,19.5,33,18.3,32.9,20,32.9,19.6,32.8,23.1,32.8,21.5,33,19.4,32.8,21.5,32.7,23.6,33,18.8,32.9,19.5,32.9,20.4,32.9,20.6
11/24/2021 16:26,11370,189.5,32,Comfort,32.9,20.5,32.4,28.9,32.8,21.7,32.9,19.5,32.9,19.5,33,18.3,32.9,20.1,32.9,19.8,32.8,23.1,32.8,21.5,32.9,19.9,32.8,22.1,32.7,23.6,33,18.8,32.9,19.5,32.9,19.6,32.9,20.6
11/24/2021 16:27,11400,190,32,Comfort,32.9,20.3,32.9,20.4,32.8,21.7,32.9,19.7,32.9,19.5,33,18.3,32.9,20.4,32.9,19.8,32.8,23.1,32.8,21.5,32.9,19.9,32.8,22.1,32.7,23.7,33,19.1,32.9,19.5,32.9,19.6,32.9,20.6
11/24/2021 16:27,11430,190.5,32,Comfort,32.9,20.6,32.9,20.5,32.8,21.9,32.9,19.7,32.9,19.6,33,18.3,32.8,22.7,32.9,19.8,32.8,23.1,32.8,21.5,32.9,19.9,32.8,22.1,32.7,23.9,33,19.4,32.9,19.5,32.9,19.6,32.9,20.8
11/24/2021 16:28,11460,191,32,Comfort,32.9,20.6,32.7,23.2,32.8,21.9,32.9,19.7,32.9,19.9,33,18.5,32.8,21.3,32.9,19.9,32.7,23.3,32.8,21.5,32.9,19.9,32.8,22.1,32.7,24.2,33,19.4,32.9,20,32.9,19.6,32.8,21.3
11/24/2021 16:28,11490,191.5,32,Comfort,32.9,20.5,32.9,20,32.8,22.3,32.9,19.7,32.9,19.7,33,18.3,32.9,20.3,32.9,20,32.7,23.7,32.8,21.4,32.9,19.9,32.8,22.1,32.7,24.3,33,19.4,32.9,20.1,32.9,19.6,32.8,21.5
11/24/2021 16:29,11520,192,32,Comfort,32.9,20.6,32.9,20.5,32.8,22.3,32.9,19.7,32.9,20,33,18.3,32.9,20.6,32.9,20.1,32.7,23.7,32.8,21.4,32.9,19.9,32.8,22.1,32.7,24.3,33,19.4,32.9,20.1,32.9,20.2,32.8,21.3
11/24/2021 16:29,11550,192.5,32,Comfort,32.9,20.2,32.9,20.4,32.8,22.3,32.9,19.7,32.9,20,33,18.4,32.9,20.8,32.9,19.9,32.7,23.6,32.8,21.5,32.9,19.9,32.8,22.1,32.7,24.3,33,19.4,32.9,19.9,32.9,19.6,33.1,17.1
11/24/2021 16:30,11580,193,32,Comfort,32.9,20.6,32.9,20.6,32.8,22.3,32.9,19.7,32.9,20.2,33,18.6,32.9,20.8,32.9,20.3,32.7,23.5,32.8,21.5,32.9,19.9,32.8,22.2,32.7,24.3,33,19.4,32.9,20.1,32.9,19.6,32.8,21.3
11/24/2021 16:30,11610,193.5,32,Comfort,32.9,20.6,32.9,20.6,32.8,22.3,32.9,19.7,32.9,20.1,33,18.5,32.9,20.8,32.9,20.3,32.7,23.7,32.8,21.3,32.9,19.9,32.8,22.1,32.7,24.3,33,19.4,32.9,20.1,32.9,19.6,32.8,21.3
11/24/2021 16:31,11640,194,32,Comfort,32.9,20.6,32.9,20.6,32.8,22,32.9,19.7,32.9,20,33,18.5,32.9,20.8,32.9,20.5,32.7,23.6,32.9,21.2,32.9,19.9,32.8,22.1,32.7,24.3,33,19.4,32.9,19.9,32.9,19.5,32.8,21.3
11/24/2021 16:31,11670,194.5,32,Comfort,32.9,20.4,32.9,20.6,32.8,22.3,32.9,19.7,32.9,20,33,17.7,32.9,20.8,32.9,19.9,32.8,23.1,32.8,21.5,32.9,19.9,32.8,22.1,32.7,23.9,33,19.4,32.9,19.6,32.9,19.5,32.8,21.3
11/24/2021 16:32,11700,195,32,Comfort,32.9,19.9,32.9,20.6,32.8,21.7,32.9,19.7,32.9,19.8,33,18.2,33.1,17,32.9,19.9,32.8,23,32.8,21.5,32.9,19.9,32.8,22.1,32.7,23.6,33,19.4,32.9,19.5,32.9,19.6,32.9,20.9
11/24/2021 16:32,11730,195.5,32,Comfort,32.9,20.3,32.9,20.3,32.8,21.7,32.9,19.7,32.9,19.5,33,18.3,32.9,20.8,32.9,19.8,32.8,23.1,32.9,21.2,32.9,19.9,32.8,22.1,32.7,23.7,33,18.8,32.9,19.5,32.9,19.6,32.9,20.6
11/24/2021 16:33,11760,196,32,Comfort,32.9,20.1,32.9,19.9,32.8,21.7,33,19.4,33,19.1,33,18.3,32.9,20.8,32.9,19.6,32.8,23.1,32.9,20.8,32.9,19.5,32.8,21.5,32.7,23.6,33,18.8,32.9,19.5,33,19.4,32.9,20.6
11/24/2021 16:33,11790,196.5,32,Comfort,32.9,20.2,32.9,19.9,32.9,21.1,33,19.1,33,19.4,33,18.3,32.9,20.8,32.9,19.8,32.8,23.1,32.9,21.1,33,19.3,32.8,21.5,32.7,23.6,33,18.8,32.9,19.4,32.9,19.6,32.9,20.6
11/24/2021 16:34,11820,197,32,Comfort,32.9,20,32.9,19.9,32.9,21,33,19.1,33,19.1,33,17.9,32.9,20.7,32.9,19.5,32.8,23.1,32.9,20.8,33,19.3,32.8,21.5,32.7,23.8,33,18.8,32.9,19.4,32.9,19.6,32.9,20.4
11/24/2021 16:34,11850,197.5,32,Comfort,32.9,19.9,33,19.3,32.9,21,33,19.1,33,18.9,33,17.9,32.9,20.5,33,19.3,32.8,23.1,32.9,20.8,33,19.3,32.8,21.5,32.8,23.1,33,18.7,32.9,19.4,33,19.2,32.9,20
11/24/2021 16:35,11880,198,32,Comfort,32.9,19.7,33,19.3,32.9,21,33,18.6,33,18.9,33,17.7,32.9,20.2,33,19.3,32.8,23.1,32.9,20.7,33,19.3,32.9,20.1,32.8,23,33,18.2,33,18.9,33,19.3,32.9,20
11/24/2021 16:35,11910,198.5,32,Comfort,32.9,20,33,19.3,32.9,20.3,32.7,24.8,33,18.9,33,17.7,32.9,20.1,33,19.2,32.8,23.1,32.9,20.2,33,19.2,32.9,20.9,32.8,23,33,18.2,33,18.8,33,19,32.9,20
11/24/2021 16:36,11940,199,32,Comfort,32.9,19.6,33,19.3,32.9,20.3,33,18.4,33,18.5,33,17.7,32.9,20.1,33,19.2,32.8,23.1,32.9,20.2,33,19.3,32.9,20.8,32.8,23,33,18.1,33,18.8,33,19.1,32.9,19.9
11/24/2021 16:36,11970,199.5,32,Comfort,32.9,19.5,33,18.6,32.9,20.3,33,17.9,33,18.2,33,17.7,32.9,20.1,33,19.2,32.8,23.1,32.9,20.2,33,19.3,32.9,20.8,32.8,23,33,18.1,33,18.8,33,19.2,32.9,19.6
11/24/2021 16:37,12000,200,32,Comfort,32.9,19.4,33,18.6,32.9,20.3,33,17.9,33,18.2,33.1,17.4,32.9,19.8,33,19.2,32.8,23.1,32.9,19.7,33,18.8,32.9,20.7,32.8,23,33,18,33,18.5,33,18.9,32.9,20.7
11/24/2021 16:37,12030,200.5,32,Comfort,33,19.2,33,18.6,32.9,19.7,33,17.8,33,18.2,33.1,17.1,32.9,19.6,33,19,32.8,23.1,32.9,19.6,33,18.8,32.9,20.3,32.8,23,33,18.1,33,18.7,33,19,33,19.3
11/24/2021 16:38,12060,201,32,Comfort,33,19.1,33,19,32.9,20.3,33,17.8,33,18.2,33.1,17.1,32.9,19.5,33,18.5,32.8,23,32.9,19.6,33,18.8,32.9,20.2,32.7,23.2,33,18.1,33,18.2,33,18.9,33,19.3
11/24/2021 16:38,12090,201.5,32,Comfort,33,19.1,33,19.3,32.9,20.3,33,17.9,33,18.6,33.2,16.1,32.9,19.5,33,18.2,32.8,23,32.9,20.1,33,18.7,32.9,20.2,32.8,23,33,18.1,33,18.6,33,18.9,33,19.3
11/24/2021 16:39,12120,202,32,Comfort,33,19.2,33,19.3,32.9,20.3,33,17.8,33,18.3,33.1,17.2,32.9,19.5,33,18.5,32.8,23.1,32.9,20.1,33,18.7,32.9,20.2,32.8,23,33,18.1,33,18.8,33,18.9,33,19.3
11/24/2021 16:39,12150,202.5,32,Comfort,33,19.3,32.9,19.8,32.9,20.3,33,18.3,33,18.7,33.1,17.4,32.9,19.5,33,18.5,32.7,23.2,32.9,20.2,33,18.7,32.9,20.2,32.8,23,33,18.1,33,18.8,33,18.9,32.9,19.6
11/24/2021 16:40,12180,203,32,Comfort,32.9,19.5,32.9,19.9,32.9,20.3,33,18.4,33,18.9,33,17.6,32.9,19.5,33,19.1,32.8,23.1,32.9,20.2,33,18.7,32.9,20.8,32.8,23,33,18.1,33,18.8,33,18.9,32.9,19.6
11/24/2021 16:40,12210,203.5,32,Comfort,32.9,19.5,32.9,19.8,32.9,20.4,32.9,19.9,33,18.9,33,17.6,32.9,19.7,33,18.7,32.8,23.1,32.9,20.2,33,18.7,32.9,20.8,32.8,23,33,18.1,33,18.8,33,19,33,19.3
11/24/2021 16:41,12240,204,32,Comfort,32.9,19.5,33,19.3,32.9,21,33,18.1,33,18.9,33,17.7,32.9,20.1,33,19,32.8,23.1,32.9,20.2,33,18.7,32.9,20.6,32.8,23,33,18.1,33,18.6,33,18.9,32.9,19.5
11/24/2021 16:41,12270,204.5,32,Comfort,32.9,19.7,32.9,19.9,32.9,21,33,18.8,33,19,33,17.7,32.8,21.3,33,19.1,32.8,23.1,32.9,20.2,33,18.7,32.9,20.4,32.8,23,33,18.1,33,18.8,33,18.9,33,19.3
11/24/2021 16:42,12300,205,32,Comfort,32.9,19.7,32.9,19.9,32.9,21,33,18.6,33,19,33,19,32.9,20,33,19.1,32.8,23.1,32.9,20.2,33,18.7,32.9,20.8,32.8,23,33,18.1,33,18.8,32.9,19.4,33,19.3
11/24/2021 16:42,12330,205.5,32,Comfort,32.9,19.8,32.9,20.6,32.9,21.2,33,18.5,32.8,22.4,33,17.7,32.9,20.1,33,19.2,32.8,23.1,32.9,20.4,33,18.7,32.9,20.8,32.8,23,33,18.1,33,18.8,33,19.2,33,19.3
11/24/2021 16:43,12360,206,32,Comfort,32.9,19.8,32.9,20.6,32.9,21.2,33,19.1,32.9,19.6,33,17.7,32.9,20.3,33,19.2,32.8,23.1,32.9,20.8,33,19.3,32.9,20.8,32.8,23,33,18.1,33,19.1,33,19.2,32.9,19.6
11/24/2021 16:43,12390,206.5,32,Comfort,32.9,19.9,32.9,20.6,32.8,21.7,33,19.1,32.9,19.5,33,17.7,32.9,20.7,32.9,19.4,32.8,23.1,32.9,20.8,33,19.3,32.9,21,32.8,23,33,18.1,32.9,19.4,32.9,19.4,32.9,20
11/24/2021 16:44,12420,207,32,Comfort,32.9,20,32.9,20.6,32.8,21.7,33,19.1,32.9,19.5,33,17.7,32.9,20.8,33,19.3,32.8,23.1,32.9,20.8,33,19.3,32.8,21.8,32.8,23.1,33,18.3,32.9,19.4,32.9,19.6,32.9,20
11/24/2021 16:44,12450,207.5,32,Comfort,32.9,20,32.9,20.6,32.8,21.7,33,19.1,32.9,19.5,33,17.7,32.9,20.8,33,19.3,32.8,23.1,32.9,20.8,33,19.3,32.8,21.4,32.7,23.6,33,18.3,33,19.3,32.9,19.6,32.9,20
11/24/2021 16:45,12480,208,32,Comfort,32.9,20.1,32.9,20.9,32.8,22,32.9,19.5,32.9,19.7,33,18.2,32.9,20.8,32.9,19.4,32.8,23.1,32.8,21.5,33,19.3,32.8,21.4,32.7,23.6,33,18.4,32.9,19.5,32.9,19.6,32.9,20
11/24/2021 16:45,12510,208.5,32,Comfort,32.9,20.2,32.9,20.8,32.8,22.3,32.9,19.7,32.9,19.9,33,18.3,32.9,20.8,32.9,19.6,32.8,23.1,32.8,21.4,32.9,19.4,32.8,21.5,32.7,23.6,33,18.8,32.9,19.5,32.9,19.6,32.9,20
11/24/2021 16:46,12540,209,32,Comfort,32.9,20.3,32.9,21,32.8,22.3,32.9,20.9,33,19.2,33,18.3,32.9,20.8,32.9,19.9,32.7,23.2,32.8,21.5,32.9,19.6,32.8,21.5,32.7,24.1,33,18.8,32.9,19.4,32.9,19.7,32.9,20
11/24/2021 16:46,12570,209.5,32,Comfort,32.9,20.4,32.8,21.3,32.8,22.4,32.9,19.7,32.9,20.2,33,18.3,32.9,21.2,32.9,19.9,32.7,23.4,32.8,21.5,33,19.4,32.8,21.5,32.7,24,33,18.8,32.9,19.4,32.9,19.8,32.9,20.2
11/24/2021 16:47,12600,210,32,Comfort,32.9,20.4,32.8,21.3,32.8,22.5,32.9,20.4,32.9,20.2,33.1,17.4,32.9,21.2,32.9,19.9,32.7,23.3,32.8,21.5,32.9,19.9,32.8,21.5,32.7,24.3,33,18.8,32.9,19.5,32.9,20.1,32.9,20.4
11/24/2021 16:47,12630,210.5,32,Comfort,32.9,20.7,32.8,21.3,32.8,23,32.9,19.7,32.9,20.2,33,18.9,32.8,21.4,32.9,19.9,32.7,23.6,32.8,21.5,32.9,19.9,32.8,21.7,32.7,24.3,33,18.8,32.9,19.5,32.9,20.2,32.9,20.6
11/24/2021 16:48,12660,211,32,Comfort,32.9,20.6,32.8,21.3,32.8,22.9,32.9,19.8,32.9,20.2,33,18.8,32.9,21.2,32.9,19.9,32.7,23.5,32.8,21.9,32.9,19.9,32.8,22.1,32.7,24.2,33,19,32.9,19.5,32.9,20.2,32.9,20.6
11/24/2021 16:48,12690,211.5,32,Comfort,32.9,20.8,32.8,21.5,32.8,23,32.9,20.2,32.9,20.6,33,18.9,32.8,21.4,32.9,20,32.7,23.7,32.8,22.1,32.9,20.1,32.8,22.1,32.7,24.3,33,19.2,32.9,20.1,32.9,20.2,32.9,20.1
11/24/2021 16:49,12720,212,32,Comfort,32.9,20.9,32.8,21.4,32.8,23,32.9,20.4,32.9,20.6,33,18.9,32.8,21.4,32.9,20.4,32.7,23.4,32.8,22.1,32.9,20.5,32.8,22.1,32.7,24.3,33,19.4,32.9,20.1,32.9,20.2,32.9,20.6
11/24/2021 16:49,12750,212.5,32,Comfort,32.9,20.9,32.8,21.9,32.8,23,32.9,20.1,32.9,20.8,33,18.9,32.8,21.4,32.9,20.2,32.7,23.7,32.8,22.1,32.9,20.6,32.8,22.1,32.7,24.4,33,19.4,32.9,20.1,32.9,20.2,32.9,20.6
11/24/2021 16:50,12780,213,32,Comfort,32.9,20.9,32.8,21.9,32.8,23,32.9,20.4,32.9,20.8,33,18.1,32.8,21.5,32.9,20.5,32.7,23.7,32.8,22.1,32.9,20.5,32.8,22.1,32.7,24.8,33,19.4,32.9,20.1,32.9,20.2,32.9,20.7
11/24/2021 16:50,12810,213.5,32,Comfort,32.9,20.7,32.8,21.9,32.8,23.1,32.9,20.1,32.9,20.8,33,18.9,32.8,21.6,33,17.8,32.7,23.7,32.8,22.1,32.9,20.5,32.8,22.1,32.7,24.8,33,19.4,32.9,20.1,32.9,20.2,32.9,20.8
11/24/2021 16:51,12840,214,32,Comfort,32.9,21,32.8,21.9,32.7,23.6,32.9,20.3,32.9,20.8,33,18.9,32.8,21.9,32.9,20.5,32.7,23.7,32.8,22.1,32.9,20.5,32.8,22.1,32.7,24.6,33,19.4,32.9,20.1,32.9,20.3,32.9,20.9
11/24/2021 16:51,12870,214.5,32,Comfort,32.9,21.1,32.8,21.9,32.7,23.3,32.9,20.4,32.9,20.8,33,19,32.8,21.9,32.9,20.5,32.7,23.7,32.8,22.1,32.9,20.7,32.8,22.8,32.7,24.6,33,19.4,32.9,20.1,32.9,20.7,32.9,21
11/24/2021 16:52,12900,215,32,Comfort,32.9,21.2,32.8,21.9,32.7,23.1,32.9,20.3,32.9,20.8,33,19.2,32.8,22,32.9,20.5,32.7,23.7,32.8,22.1,32.9,21.1,32.8,22.5,32.7,24.9,33,19.4,32.9,20.1,32.9,20.8,32.8,21.3
11/24/2021 16:52,12930,215.5,32,Comfort,32.9,20.9,32.8,21.9,32.7,23.1,32.9,20.4,32.9,20.8,33.1,17.4,32.8,22,32.9,20.2,32.7,24,32.8,22.1,32.9,20.5,32.8,22.7,32.7,24.3,33,19.4,32.9,20.1,32.9,20.7,32.9,21
11/24/2021 16:53,12960,216,32,Comfort,32.9,21,32.8,21.9,32.7,23.3,32.9,20.4,32.8,21.3,33,18.9,32.8,21.5,32.9,20.5,32.7,23.7,32.8,22.1,32.9,20.5,32.8,22.1,32.7,24.3,33,19.4,32.9,20.1,32.9,20.6,32.9,20.7
