Plot Title: Experiment ,,,,,
#,"Time, GMT-08:00","Temp, ¡ÆF",Host Connected,Stopped,End Of File
1,12/26/2021 13:07,59.702,,,
2,12/26/2021 13:07,48.227,,,
3,12/26/2021 13:07,59.788,,,
4,12/26/2021 13:07,73.818,,,
5,12/26/2021 13:07,70.415,,,
6,12/26/2021 13:07,60.26,,,
7,12/26/2021 13:07,72.049,,,
8,12/26/2021 13:07,70.974,,,
9,12/26/2021 13:07,72.049,,,
10,12/26/2021 13:08,72.48,,,
11,12/26/2021 13:08,72.136,,,
12,12/26/2021 13:08,70.029,,,
13,12/26/2021 13:08,69.385,,,
14,12/26/2021 13:08,68.871,,,
15,12/26/2021 13:08,68.828,,,
16,12/26/2021 13:08,68.442,,,
17,12/26/2021 13:08,68.313,,,
18,12/26/2021 13:08,68.313,,,
19,12/26/2021 13:08,59.014,,,
20,12/26/2021 13:08,57.505,,,
21,12/26/2021 13:08,71.533,,,
22,12/26/2021 13:09,73.213,,,
23,12/26/2021 13:09,55.472,,,
24,12/26/2021 13:09,62.233,,,
25,12/26/2021 13:09,59.315,,,
26,12/26/2021 13:09,58.368,,,
27,12/26/2021 13:09,57.98,,,
28,12/26/2021 13:09,57.505,,,
29,12/26/2021 13:09,57.549,,,
30,12/26/2021 13:09,57.678,,,
31,12/26/2021 13:09,58.712,,,
32,12/26/2021 13:09,57.246,,,
33,12/26/2021 13:09,57.074,,,
34,12/26/2021 13:10,57.246,,,
35,12/26/2021 13:10,57.29,,,
36,12/26/2021 13:10,43.03,,,
37,12/26/2021 13:10,34.468,,,
38,12/26/2021 13:10,57.376,,,
39,12/26/2021 13:10,29.097,,,
40,12/26/2021 13:10,56.252,,,
41,12/26/2021 13:10,57.98,,,
42,12/26/2021 13:10,44.173,,,
43,12/26/2021 13:10,58.152,,,
44,12/26/2021 13:10,58.971,,,
45,12/26/2021 13:10,58.971,,,
46,12/26/2021 13:11,59.014,,,
47,12/26/2021 13:11,59.057,,,
48,12/26/2021 13:11,58.971,,,
49,12/26/2021 13:11,59.057,,,
50,12/26/2021 13:11,59.057,,,
51,12/26/2021 13:11,59.057,,,
52,12/26/2021 13:11,59.014,,,
53,12/26/2021 13:11,59.057,,,
54,12/26/2021 13:11,59.057,,,
55,12/26/2021 13:11,59.057,,,
56,12/26/2021 13:11,59.057,,,
57,12/26/2021 13:11,59.057,,,
58,12/26/2021 13:12,59.057,,,
59,12/26/2021 13:12,59.057,,,
60,12/26/2021 13:12,59.057,,,
61,12/26/2021 13:12,59.057,,,
62,12/26/2021 13:12,59.057,,,
63,12/26/2021 13:12,59.057,,,
64,12/26/2021 13:12,59.057,,,
65,12/26/2021 13:12,59.057,,,
66,12/26/2021 13:12,59.057,,,
67,12/26/2021 13:12,59.057,,,
68,12/26/2021 13:12,59.057,,,
69,12/26/2021 13:12,59.057,,,
70,12/26/2021 13:13,59.057,,,
71,12/26/2021 13:13,59.057,,,
72,12/26/2021 13:13,59.057,,,
73,12/26/2021 13:13,59.057,,,
74,12/26/2021 13:13,59.057,,,
75,12/26/2021 13:13,59.057,,,
76,12/26/2021 13:13,59.057,,,
77,12/26/2021 13:13,59.057,,,
78,12/26/2021 13:13,59.057,,,
79,12/26/2021 13:13,59.057,,,
80,12/26/2021 13:13,59.057,,,
81,12/26/2021 13:13,59.057,,,
82,12/26/2021 13:14,59.057,,,
83,12/26/2021 13:14,59.057,,,
84,12/26/2021 13:14,59.057,,,
85,12/26/2021 13:14,59.057,,,
86,12/26/2021 13:14,59.057,,,
87,12/26/2021 13:14,59.057,,,
88,12/26/2021 13:14,59.057,,,
89,12/26/2021 13:14,59.057,,,
90,12/26/2021 13:14,59.057,,,
91,12/26/2021 13:14,59.057,,,
92,12/26/2021 13:14,59.057,,,
93,12/26/2021 13:14,59.057,,,
94,12/26/2021 13:15,59.057,,,
95,12/26/2021 13:15,59.057,,,
96,12/26/2021 13:15,59.057,,,
97,12/26/2021 13:15,59.057,,,
98,12/26/2021 13:15,59.057,,,
99,12/26/2021 13:15,59.057,,,
100,12/26/2021 13:15,59.057,,,
101,12/26/2021 13:15,59.057,,,
102,12/26/2021 13:15,59.057,,,
103,12/26/2021 13:15,59.057,,,
104,12/26/2021 13:15,59.057,,,
105,12/26/2021 13:15,59.057,,,
106,12/26/2021 13:16,59.057,,,
107,12/26/2021 13:16,59.057,,,
108,12/26/2021 13:16,59.057,,,
109,12/26/2021 13:16,59.057,,,
110,12/26/2021 13:16,59.057,,,
111,12/26/2021 13:16,59.057,,,
112,12/26/2021 13:16,59.057,,,
113,12/26/2021 13:16,59.057,,,
114,12/26/2021 13:16,59.057,,,
115,12/26/2021 13:16,59.057,,,
116,12/26/2021 13:16,59.057,,,
117,12/26/2021 13:16,59.057,,,
118,12/26/2021 13:17,59.057,,,
119,12/26/2021 13:17,59.057,,,
120,12/26/2021 13:17,59.057,,,
121,12/26/2021 13:17,59.057,,,
122,12/26/2021 13:17,59.057,,,
123,12/26/2021 13:17,59.057,,,
124,12/26/2021 13:17,59.057,,,
125,12/26/2021 13:17,59.057,,,
126,12/26/2021 13:17,59.057,,,
127,12/26/2021 13:17,59.057,,,
128,12/26/2021 13:17,59.057,,,
129,12/26/2021 13:17,59.057,,,
130,12/26/2021 13:18,59.057,,,
131,12/26/2021 13:18,59.057,,,
132,12/26/2021 13:18,59.057,,,
133,12/26/2021 13:18,59.057,,,
134,12/26/2021 13:18,59.057,,,
135,12/26/2021 13:18,59.057,,,
136,12/26/2021 13:18,59.057,,,
137,12/26/2021 13:18,59.057,,,
138,12/26/2021 13:18,59.057,,,
139,12/26/2021 13:18,59.057,,,
140,12/26/2021 13:18,59.057,,,
141,12/26/2021 13:18,59.057,,,
142,12/26/2021 13:19,59.057,,,
143,12/26/2021 13:19,59.057,,,
144,12/26/2021 13:19,59.057,,,
145,12/26/2021 13:19,59.057,,,
146,12/26/2021 13:19,59.057,,,
147,12/26/2021 13:19,59.057,,,
148,12/26/2021 13:19,59.057,,,
149,12/26/2021 13:19,59.057,,,
150,12/26/2021 13:19,59.057,,,
151,12/26/2021 13:19,59.057,,,
152,12/26/2021 13:19,59.057,,,
153,12/26/2021 13:19,59.057,,,
154,12/26/2021 13:20,59.057,,,
155,12/26/2021 13:20,59.057,,,
156,12/26/2021 13:20,59.057,,,
157,12/26/2021 13:20,59.057,,,
158,12/26/2021 13:20,59.057,,,
159,12/26/2021 13:20,59.057,,,
160,12/26/2021 13:20,59.057,,,
161,12/26/2021 13:20,59.057,,,
162,12/26/2021 13:20,59.057,,,
163,12/26/2021 13:20,59.057,,,
164,12/26/2021 13:20,59.057,,,
165,12/26/2021 13:20,59.057,,,
166,12/26/2021 13:21,59.057,,,
167,12/26/2021 13:21,59.057,,,
168,12/26/2021 13:21,59.057,,,
169,12/26/2021 13:21,59.057,,,
170,12/26/2021 13:21,59.057,,,
171,12/26/2021 13:21,59.057,,,
172,12/26/2021 13:21,59.057,,,
173,12/26/2021 13:21,59.057,,,
174,12/26/2021 13:21,59.057,,,
175,12/26/2021 13:21,59.057,,,
176,12/26/2021 13:21,59.057,,,
177,12/26/2021 13:21,59.057,,,
178,12/26/2021 13:22,59.057,,,
179,12/26/2021 13:22,59.057,,,
180,12/26/2021 13:22,59.057,,,
181,12/26/2021 13:22,59.057,,,
182,12/26/2021 13:22,59.057,,,
183,12/26/2021 13:22,59.057,,,
184,12/26/2021 13:22,59.057,,,
185,12/26/2021 13:22,59.057,,,
186,12/26/2021 13:22,59.057,,,
187,12/26/2021 13:22,59.057,,,
188,12/26/2021 13:22,59.057,,,
189,12/26/2021 13:22,59.057,,,
190,12/26/2021 13:23,59.057,,,
191,12/26/2021 13:23,59.057,,,
192,12/26/2021 13:23,59.057,,,
193,12/26/2021 13:23,59.057,,,
194,12/26/2021 13:23,59.057,,,
195,12/26/2021 13:23,59.057,,,
196,12/26/2021 13:23,59.057,,,
197,12/26/2021 13:23,59.057,,,
198,12/26/2021 13:23,59.057,,,
199,12/26/2021 13:23,59.057,,,
200,12/26/2021 13:23,59.057,,,
201,12/26/2021 13:23,59.057,,,
202,12/26/2021 13:24,59.057,,,
203,12/26/2021 13:24,59.057,,,
204,12/26/2021 13:24,59.057,,,
205,12/26/2021 13:24,59.057,,,
206,12/26/2021 13:24,59.057,,,
207,12/26/2021 13:24,59.057,,,
208,12/26/2021 13:24,59.057,,,
209,12/26/2021 13:24,59.057,,,
210,12/26/2021 13:24,59.057,,,
211,12/26/2021 13:24,59.057,,,
212,12/26/2021 13:24,59.057,,,
213,12/26/2021 13:24,59.057,,,
214,12/26/2021 13:25,59.057,,,
215,12/26/2021 13:25,59.057,,,
216,12/26/2021 13:25,59.057,,,
217,12/26/2021 13:25,59.057,,,
218,12/26/2021 13:25,59.057,,,
219,12/26/2021 13:25,59.057,,,
220,12/26/2021 13:25,59.057,,,
221,12/26/2021 13:25,59.057,,,
222,12/26/2021 13:25,59.057,,,
223,12/26/2021 13:25,59.057,,,
224,12/26/2021 13:25,59.057,,,
225,12/26/2021 13:25,59.057,,,
226,12/26/2021 13:26,59.057,,,
227,12/26/2021 13:26,59.057,,,
228,12/26/2021 13:26,59.057,,,
229,12/26/2021 13:26,59.057,,,
230,12/26/2021 13:26,59.057,,,
231,12/26/2021 13:26,59.057,,,
232,12/26/2021 13:26,59.057,,,
233,12/26/2021 13:26,59.057,,,
234,12/26/2021 13:26,59.057,,,
235,12/26/2021 13:26,59.057,,,
236,12/26/2021 13:26,59.057,,,
237,12/26/2021 13:26,59.057,,,
238,12/26/2021 13:27,59.057,,,
239,12/26/2021 13:27,59.057,,,
240,12/26/2021 13:27,59.057,,,
241,12/26/2021 13:27,59.057,,,
242,12/26/2021 13:27,59.057,,,
243,12/26/2021 13:27,59.057,,,
244,12/26/2021 13:27,59.057,,,
245,12/26/2021 13:27,59.057,,,
246,12/26/2021 13:27,59.057,,,
247,12/26/2021 13:27,59.057,,,
248,12/26/2021 13:27,59.057,,,
249,12/26/2021 13:27,59.057,,,
250,12/26/2021 13:28,59.057,,,
251,12/26/2021 13:28,59.057,,,
252,12/26/2021 13:28,59.057,,,
253,12/26/2021 13:28,59.057,,,
254,12/26/2021 13:28,59.057,,,
255,12/26/2021 13:28,59.057,,,
256,12/26/2021 13:28,59.057,,,
257,12/26/2021 13:28,59.057,,,
258,12/26/2021 13:28,59.057,,,
259,12/26/2021 13:28,59.057,,,
260,12/26/2021 13:28,59.057,,,
261,12/26/2021 13:28,59.057,,,
262,12/26/2021 13:29,59.057,,,
263,12/26/2021 13:29,59.057,,,
264,12/26/2021 13:29,59.057,,,
265,12/26/2021 13:29,59.057,,,
266,12/26/2021 13:29,59.057,,,
267,12/26/2021 13:29,59.057,,,
268,12/26/2021 13:29,59.057,,,
269,12/26/2021 13:29,59.057,,,
270,12/26/2021 13:29,59.057,,,
271,12/26/2021 13:29,59.057,,,
272,12/26/2021 13:29,59.057,,,
273,12/26/2021 13:29,59.057,,,
274,12/26/2021 13:30,59.057,,,
275,12/26/2021 13:30,59.057,,,
276,12/26/2021 13:30,59.057,,,
277,12/26/2021 13:30,59.057,,,
278,12/26/2021 13:30,59.057,,,
279,12/26/2021 13:30,59.057,,,
280,12/26/2021 13:30,59.057,,,
281,12/26/2021 13:30,59.057,,,
282,12/26/2021 13:30,59.057,,,
283,12/26/2021 13:30,59.057,,,
284,12/26/2021 13:30,59.057,,,
285,12/26/2021 13:30,59.057,,,
286,12/26/2021 13:31,59.057,,,
287,12/26/2021 13:31,59.057,,,
288,12/26/2021 13:31,59.057,,,
289,12/26/2021 13:31,59.057,,,
290,12/26/2021 13:31,59.057,,,
291,12/26/2021 13:31,59.057,,,
292,12/26/2021 13:31,59.057,,,
293,12/26/2021 13:31,59.057,,,
294,12/26/2021 13:31,59.057,,,
295,12/26/2021 13:31,59.057,,,
296,12/26/2021 13:31,59.057,,,
297,12/26/2021 13:31,59.057,,,
298,12/26/2021 13:32,59.057,,,
299,12/26/2021 13:32,59.057,,,
300,12/26/2021 13:32,59.057,,,
301,12/26/2021 13:32,59.057,,,
302,12/26/2021 13:32,59.057,,,
303,12/26/2021 13:32,59.057,,,
304,12/26/2021 13:32,59.057,,,
305,12/26/2021 13:32,48.138,,,
306,12/26/2021 13:32,35.492,,,
307,12/26/2021 13:32,58.282,,,
308,12/26/2021 13:32,58.885,,,
309,12/26/2021 13:32,57.16,,,
310,12/26/2021 13:33,59.487,,,
311,12/26/2021 13:33,43.351,,,
312,12/26/2021 13:33,,Logged,,
313,12/26/2021 13:33,59.401,,,
314,12/26/2021 13:33,53.471,,,
315,12/26/2021 13:33,,,Logged,Logged
1,12/26/2021 13:35,24.608,,,
2,12/26/2021 13:35,60.818,,,
3,12/26/2021 13:35,61.419,,,
4,12/26/2021 13:35,60.775,,,
5,12/26/2021 13:35,59.272,,,
6,12/26/2021 13:35,56.382,,,
7,12/26/2021 13:35,59.272,,,
8,12/26/2021 13:36,59.1,,,
9,12/26/2021 13:36,59.057,,,
10,12/26/2021 13:36,59.057,,,
11,12/26/2021 13:36,59.057,,,
12,12/26/2021 13:36,59.229,,,
13,12/26/2021 13:36,59.487,,,
14,12/26/2021 13:36,59.917,,,
15,12/26/2021 13:36,60.432,,,
16,12/26/2021 13:36,61.076,,,
17,12/26/2021 13:36,61.762,,,
18,12/26/2021 13:36,62.362,,,
19,12/26/2021 13:36,62.876,,,
20,12/26/2021 13:37,63.39,,,
21,12/26/2021 13:37,63.818,,,
22,12/26/2021 13:37,64.203,,,
23,12/26/2021 13:37,64.546,,,
24,12/26/2021 13:37,64.845,,,
25,12/26/2021 13:37,65.102,,,
26,12/26/2021 13:37,65.316,,,
27,12/26/2021 13:37,65.573,,,
28,12/26/2021 13:37,65.787,,,
29,12/26/2021 13:37,66.087,,,
30,12/26/2021 13:37,66.343,,,
31,12/26/2021 13:37,66.6,,,
32,12/26/2021 13:38,66.9,,,
33,12/26/2021 13:38,67.157,,,
34,12/26/2021 13:38,67.457,,,
35,12/26/2021 13:38,67.756,,,
36,12/26/2021 13:38,67.971,,,
37,12/26/2021 13:38,68.271,,,
38,12/26/2021 13:38,68.485,,,
39,12/26/2021 13:38,68.656,,,
40,12/26/2021 13:38,68.913,,,
41,12/26/2021 13:38,69.085,,,
42,12/26/2021 13:38,69.299,,,
43,12/26/2021 13:38,69.471,,,
44,12/26/2021 13:39,69.643,,,
45,12/26/2021 13:39,69.857,,,
46,12/26/2021 13:39,70.029,,,
47,12/26/2021 13:39,70.201,,,
48,12/26/2021 13:39,70.372,,,
49,12/26/2021 13:39,70.544,,,
50,12/26/2021 13:39,70.716,,,
51,12/26/2021 13:39,70.888,,,
52,12/26/2021 13:39,71.06,,,
53,12/26/2021 13:39,71.232,,,
54,12/26/2021 13:39,71.404,,,
55,12/26/2021 13:39,71.533,,,
56,12/26/2021 13:40,71.705,,,
57,12/26/2021 13:40,71.834,,,
58,12/26/2021 13:40,71.963,,,
59,12/26/2021 13:40,72.093,,,
60,12/26/2021 13:40,72.222,,,
61,12/26/2021 13:40,72.351,,,
62,12/26/2021 13:40,72.437,,,
63,12/26/2021 13:40,72.61,,,
64,12/26/2021 13:40,72.696,,,
65,12/26/2021 13:40,72.782,,,
66,12/26/2021 13:40,72.911,,,
67,12/26/2021 13:40,72.998,,,
68,12/26/2021 13:41,73.127,,,
69,12/26/2021 13:41,73.213,,,
70,12/26/2021 13:41,73.343,,,
71,12/26/2021 13:41,73.429,,,
72,12/26/2021 13:41,73.516,,,
73,12/26/2021 13:41,73.645,,,
74,12/26/2021 13:41,73.732,,,
75,12/26/2021 13:41,73.818,,,
76,12/26/2021 13:41,73.861,,,
77,12/26/2021 13:41,73.991,,,
78,12/26/2021 13:41,74.077,,,
79,12/26/2021 13:41,74.121,,,
80,12/26/2021 13:42,74.164,,,
81,12/26/2021 13:42,74.294,,,
82,12/26/2021 13:42,74.38,,,
83,12/26/2021 13:42,74.467,,,
84,12/26/2021 13:42,74.51,,,
85,12/26/2021 13:42,74.597,,,
86,12/26/2021 13:42,74.64,,,
87,12/26/2021 13:42,74.727,,,
88,12/26/2021 13:42,74.813,,,
89,12/26/2021 13:42,74.857,,,
90,12/26/2021 13:42,74.9,,,
91,12/26/2021 13:42,74.987,,,
92,12/26/2021 13:43,75.03,,,
93,12/26/2021 13:43,75.073,,,
94,12/26/2021 13:43,75.117,,,
95,12/26/2021 13:43,75.16,,,
96,12/26/2021 13:43,75.203,,,
97,12/26/2021 13:43,75.247,,,
98,12/26/2021 13:43,75.29,,,
99,12/26/2021 13:43,75.333,,,
100,12/26/2021 13:43,75.377,,,
101,12/26/2021 13:43,75.42,,,
102,12/26/2021 13:43,75.464,,,
103,12/26/2021 13:43,75.55,,,
104,12/26/2021 13:44,75.55,,,
105,12/26/2021 13:44,75.594,,,
106,12/26/2021 13:44,75.681,,,
107,12/26/2021 13:44,75.724,,,
108,12/26/2021 13:44,75.724,,,
109,12/26/2021 13:44,75.767,,,
110,12/26/2021 13:44,75.811,,,
111,12/26/2021 13:44,75.811,,,
112,12/26/2021 13:44,75.854,,,
113,12/26/2021 13:44,75.898,,,
114,12/26/2021 13:44,75.898,,,
115,12/26/2021 13:44,75.941,,,
116,12/26/2021 13:45,75.985,,,
117,12/26/2021 13:45,76.028,,,
118,12/26/2021 13:45,76.028,,,
119,12/26/2021 13:45,76.072,,,
120,12/26/2021 13:45,76.115,,,
121,12/26/2021 13:45,76.115,,,
122,12/26/2021 13:45,76.158,,,
123,12/26/2021 13:45,76.158,,,
124,12/26/2021 13:45,76.202,,,
125,12/26/2021 13:45,76.202,,,
126,12/26/2021 13:45,76.245,,,
127,12/26/2021 13:45,76.245,,,
128,12/26/2021 13:46,76.245,,,
129,12/26/2021 13:46,76.289,,,
130,12/26/2021 13:46,76.289,,,
131,12/26/2021 13:46,76.332,,,
132,12/26/2021 13:46,76.376,,,
133,12/26/2021 13:46,76.376,,,
134,12/26/2021 13:46,76.419,,,
135,12/26/2021 13:46,76.419,,,
136,12/26/2021 13:46,76.419,,,
137,12/26/2021 13:46,76.463,,,
138,12/26/2021 13:46,76.463,,,
139,12/26/2021 13:46,76.463,,,
140,12/26/2021 13:47,76.506,,,
141,12/26/2021 13:47,76.506,,,
142,12/26/2021 13:47,76.506,,,
143,12/26/2021 13:47,76.55,,,
144,12/26/2021 13:47,76.55,,,
145,12/26/2021 13:47,76.594,,,
146,12/26/2021 13:47,76.594,,,
147,12/26/2021 13:47,76.594,,,
148,12/26/2021 13:47,76.594,,,
149,12/26/2021 13:47,76.594,,,
150,12/26/2021 13:47,76.637,,,
151,12/26/2021 13:47,76.637,,,
152,12/26/2021 13:48,76.637,,,
153,12/26/2021 13:48,76.637,,,
154,12/26/2021 13:48,76.681,,,
155,12/26/2021 13:48,76.681,,,
156,12/26/2021 13:48,76.681,,,
157,12/26/2021 13:48,76.681,,,
158,12/26/2021 13:48,76.724,,,
159,12/26/2021 13:48,76.724,,,
160,12/26/2021 13:48,76.724,,,
161,12/26/2021 13:48,76.724,,,
162,12/26/2021 13:48,76.768,,,
163,12/26/2021 13:48,76.768,,,
164,12/26/2021 13:49,76.768,,,
165,12/26/2021 13:49,76.768,,,
166,12/26/2021 13:49,76.768,,,
167,12/26/2021 13:49,76.811,,,
168,12/26/2021 13:49,76.811,,,
169,12/26/2021 13:49,76.811,,,
170,12/26/2021 13:49,76.811,,,
171,12/26/2021 13:49,76.811,,,
172,12/26/2021 13:49,76.811,,,
173,12/26/2021 13:49,76.811,,,
174,12/26/2021 13:49,76.855,,,
175,12/26/2021 13:49,76.855,,,
176,12/26/2021 13:50,76.855,,,
177,12/26/2021 13:50,76.855,,,
178,12/26/2021 13:50,76.855,,,
179,12/26/2021 13:50,76.855,,,
180,12/26/2021 13:50,76.898,,,
181,12/26/2021 13:50,76.898,,,
182,12/26/2021 13:50,76.898,,,
183,12/26/2021 13:50,76.898,,,
184,12/26/2021 13:50,76.898,,,
185,12/26/2021 13:50,76.898,,,
186,12/26/2021 13:50,76.898,,,
187,12/26/2021 13:50,76.898,,,
188,12/26/2021 13:51,76.898,,,
189,12/26/2021 13:51,76.898,,,
190,12/26/2021 13:51,76.942,,,
191,12/26/2021 13:51,76.942,,,
192,12/26/2021 13:51,76.942,,,
193,12/26/2021 13:51,76.942,,,
194,12/26/2021 13:51,76.942,,,
195,12/26/2021 13:51,76.942,,,
196,12/26/2021 13:51,76.942,,,
197,12/26/2021 13:51,76.942,,,
198,12/26/2021 13:51,76.942,,,
199,12/26/2021 13:51,76.942,,,
200,12/26/2021 13:52,76.942,,,
201,12/26/2021 13:52,76.942,,,
202,12/26/2021 13:52,76.942,,,
203,12/26/2021 13:52,76.942,,,
204,12/26/2021 13:52,76.942,,,
205,12/26/2021 13:52,76.942,,,
206,12/26/2021 13:52,76.942,,,
207,12/26/2021 13:52,76.942,,,
208,12/26/2021 13:52,76.942,,,
209,12/26/2021 13:52,76.942,,,
210,12/26/2021 13:52,76.942,,,
211,12/26/2021 13:52,76.942,,,
212,12/26/2021 13:53,76.942,,,
213,12/26/2021 13:53,76.942,,,
214,12/26/2021 13:53,76.942,,,
215,12/26/2021 13:53,76.986,,,
216,12/26/2021 13:53,76.942,,,
217,12/26/2021 13:53,76.942,,,
218,12/26/2021 13:53,76.986,,,
219,12/26/2021 13:53,76.986,,,
220,12/26/2021 13:53,76.986,,,
221,12/26/2021 13:53,76.986,,,
222,12/26/2021 13:53,76.986,,,
223,12/26/2021 13:53,76.986,,,
224,12/26/2021 13:54,76.986,,,
225,12/26/2021 13:54,76.986,,,
226,12/26/2021 13:54,76.942,,,
227,12/26/2021 13:54,76.986,,,
228,12/26/2021 13:54,76.986,,,
229,12/26/2021 13:54,76.942,,,
230,12/26/2021 13:54,76.942,,,
231,12/26/2021 13:54,76.986,,,
232,12/26/2021 13:54,76.986,,,
233,12/26/2021 13:54,76.986,,,
234,12/26/2021 13:54,76.986,,,
235,12/26/2021 13:54,76.986,,,
236,12/26/2021 13:55,77.029,,,
237,12/26/2021 13:55,76.986,,,
238,12/26/2021 13:55,77.029,,,
239,12/26/2021 13:55,77.029,,,
240,12/26/2021 13:55,77.029,,,
241,12/26/2021 13:55,77.029,,,
242,12/26/2021 13:55,77.029,,,
243,12/26/2021 13:55,77.029,,,
244,12/26/2021 13:55,77.029,,,
245,12/26/2021 13:55,77.029,,,
246,12/26/2021 13:55,77.029,,,
247,12/26/2021 13:55,77.029,,,
248,12/26/2021 13:56,77.029,,,
249,12/26/2021 13:56,77.029,,,
250,12/26/2021 13:56,77.029,,,
251,12/26/2021 13:56,77.073,,,
252,12/26/2021 13:56,77.029,,,
253,12/26/2021 13:56,77.029,,,
254,12/26/2021 13:56,77.073,,,
255,12/26/2021 13:56,77.029,,,
256,12/26/2021 13:56,77.073,,,
257,12/26/2021 13:56,77.029,,,
258,12/26/2021 13:56,77.029,,,
259,12/26/2021 13:56,77.073,,,
260,12/26/2021 13:57,77.073,,,
261,12/26/2021 13:57,77.073,,,
262,12/26/2021 13:57,77.073,,,
263,12/26/2021 13:57,77.073,,,
264,12/26/2021 13:57,77.073,,,
265,12/26/2021 13:57,77.073,,,
266,12/26/2021 13:57,77.073,,,
267,12/26/2021 13:57,77.073,,,
268,12/26/2021 13:57,77.073,,,
269,12/26/2021 13:57,77.073,,,
270,12/26/2021 13:57,77.073,,,
271,12/26/2021 13:57,77.073,,,
272,12/26/2021 13:58,77.073,,,
273,12/26/2021 13:58,77.073,,,
274,12/26/2021 13:58,77.073,,,
275,12/26/2021 13:58,77.073,,,
276,12/26/2021 13:58,77.073,,,
277,12/26/2021 13:58,77.116,,,
278,12/26/2021 13:58,77.073,,,
279,12/26/2021 13:58,77.073,,,
280,12/26/2021 13:58,77.073,,,
281,12/26/2021 13:58,77.073,,,
282,12/26/2021 13:58,77.073,,,
283,12/26/2021 13:58,77.073,,,
284,12/26/2021 13:59,77.073,,,
285,12/26/2021 13:59,77.073,,,
286,12/26/2021 13:59,77.073,,,
287,12/26/2021 13:59,77.073,,,
288,12/26/2021 13:59,77.073,,,
289,12/26/2021 13:59,77.073,,,
290,12/26/2021 13:59,77.073,,,
291,12/26/2021 13:59,77.073,,,
292,12/26/2021 13:59,77.073,,,
293,12/26/2021 13:59,77.073,,,
294,12/26/2021 13:59,77.073,,,
295,12/26/2021 13:59,77.073,,,
296,12/26/2021 14:00,77.073,,,
297,12/26/2021 14:00,77.073,,,
298,12/26/2021 14:00,77.073,,,
299,12/26/2021 14:00,77.073,,,
300,12/26/2021 14:00,77.116,,,
301,12/26/2021 14:00,77.073,,,
302,12/26/2021 14:00,77.073,,,
303,12/26/2021 14:00,77.073,,,
304,12/26/2021 14:00,77.073,,,
305,12/26/2021 14:00,77.116,,,
306,12/26/2021 14:00,77.116,,,
307,12/26/2021 14:00,77.116,,,
308,12/26/2021 14:01,77.029,,,
309,12/26/2021 14:01,77.073,,,
310,12/26/2021 14:01,77.073,,,
311,12/26/2021 14:01,77.073,,,
312,12/26/2021 14:01,77.073,,,
313,12/26/2021 14:01,77.073,,,
314,12/26/2021 14:01,77.073,,,
315,12/26/2021 14:01,77.073,,,
316,12/26/2021 14:01,77.073,,,
317,12/26/2021 14:01,77.116,,,
318,12/26/2021 14:01,77.116,,,
319,12/26/2021 14:01,77.116,,,
320,12/26/2021 14:02,77.073,,,
321,12/26/2021 14:02,77.116,,,
322,12/26/2021 14:02,77.116,,,
323,12/26/2021 14:02,77.116,,,
324,12/26/2021 14:02,77.073,,,
325,12/26/2021 14:02,77.073,,,
326,12/26/2021 14:02,77.073,,,
327,12/26/2021 14:02,77.073,,,
328,12/26/2021 14:02,77.116,,,
329,12/26/2021 14:02,77.073,,,
330,12/26/2021 14:02,77.116,,,
331,12/26/2021 14:02,77.116,,,
332,12/26/2021 14:03,77.073,,,
333,12/26/2021 14:03,77.073,,,
334,12/26/2021 14:03,77.116,,,
335,12/26/2021 14:03,77.116,,,
336,12/26/2021 14:03,77.116,,,
337,12/26/2021 14:03,77.116,,,
338,12/26/2021 14:03,77.073,,,
339,12/26/2021 14:03,77.073,,,
340,12/26/2021 14:03,77.073,,,
341,12/26/2021 14:03,77.116,,,
342,12/26/2021 14:03,77.073,,,
343,12/26/2021 14:03,77.116,,,
344,12/26/2021 14:04,77.116,,,
345,12/26/2021 14:04,77.116,,,
346,12/26/2021 14:04,77.073,,,
347,12/26/2021 14:04,77.116,,,
348,12/26/2021 14:04,77.116,,,
349,12/26/2021 14:04,77.073,,,
350,12/26/2021 14:04,77.116,,,
351,12/26/2021 14:04,77.073,,,
352,12/26/2021 14:04,77.116,,,
353,12/26/2021 14:04,77.073,,,
354,12/26/2021 14:04,77.073,,,
355,12/26/2021 14:04,77.116,,,
356,12/26/2021 14:05,77.116,,,
357,12/26/2021 14:05,77.073,,,
358,12/26/2021 14:05,77.073,,,
359,12/26/2021 14:05,77.116,,,
360,12/26/2021 14:05,77.073,,,
361,12/26/2021 14:05,77.073,,,
362,12/26/2021 14:05,77.073,,,
363,12/26/2021 14:05,77.116,,,
364,12/26/2021 14:05,77.073,,,
365,12/26/2021 14:05,77.073,,,
366,12/26/2021 14:05,77.073,,,
367,12/26/2021 14:05,77.116,,,
368,12/26/2021 14:06,77.116,,,
369,12/26/2021 14:06,77.073,,,
370,12/26/2021 14:06,77.116,,,
371,12/26/2021 14:06,77.116,,,
372,12/26/2021 14:06,77.073,,,
373,12/26/2021 14:06,77.073,,,
374,12/26/2021 14:06,77.073,,,
375,12/26/2021 14:06,77.116,,,
376,12/26/2021 14:06,77.116,,,
377,12/26/2021 14:06,77.116,,,
378,12/26/2021 14:06,77.116,,,
379,12/26/2021 14:06,77.073,,,
380,12/26/2021 14:07,77.116,,,
381,12/26/2021 14:07,77.116,,,
382,12/26/2021 14:07,77.116,,,
383,12/26/2021 14:07,77.116,,,
384,12/26/2021 14:07,77.116,,,
385,12/26/2021 14:07,77.116,,,
386,12/26/2021 14:07,77.116,,,
387,12/26/2021 14:07,77.073,,,
388,12/26/2021 14:07,77.116,,,
389,12/26/2021 14:07,77.073,,,
390,12/26/2021 14:07,77.073,,,
391,12/26/2021 14:07,77.073,,,
392,12/26/2021 14:08,77.116,,,
393,12/26/2021 14:08,77.073,,,
394,12/26/2021 14:08,77.073,,,
395,12/26/2021 14:08,77.116,,,
396,12/26/2021 14:08,77.073,,,
397,12/26/2021 14:08,77.073,,,
398,12/26/2021 14:08,77.073,,,
399,12/26/2021 14:08,77.073,,,
400,12/26/2021 14:08,77.073,,,
401,12/26/2021 14:08,77.073,,,
402,12/26/2021 14:08,77.073,,,
403,12/26/2021 14:08,77.116,,,
404,12/26/2021 14:09,77.073,,,
405,12/26/2021 14:09,77.073,,,
406,12/26/2021 14:09,77.073,,,
407,12/26/2021 14:09,77.073,,,
408,12/26/2021 14:09,77.073,,,
409,12/26/2021 14:09,77.073,,,
410,12/26/2021 14:09,77.073,,,
411,12/26/2021 14:09,77.116,,,
412,12/26/2021 14:09,77.073,,,
413,12/26/2021 14:09,77.116,,,
414,12/26/2021 14:09,77.116,,,
415,12/26/2021 14:09,77.116,,,
416,12/26/2021 14:10,77.073,,,
417,12/26/2021 14:10,77.116,,,
418,12/26/2021 14:10,77.116,,,
419,12/26/2021 14:10,77.116,,,
420,12/26/2021 14:10,77.073,,,
421,12/26/2021 14:10,77.073,,,
422,12/26/2021 14:10,77.116,,,
423,12/26/2021 14:10,77.073,,,
424,12/26/2021 14:10,77.073,,,
425,12/26/2021 14:10,77.073,,,
426,12/26/2021 14:10,77.116,,,
427,12/26/2021 14:10,77.116,,,
428,12/26/2021 14:11,77.116,,,
429,12/26/2021 14:11,77.116,,,
430,12/26/2021 14:11,77.116,,,
431,12/26/2021 14:11,77.073,,,
432,12/26/2021 14:11,77.116,,,
433,12/26/2021 14:11,77.116,,,
434,12/26/2021 14:11,77.073,,,
435,12/26/2021 14:11,77.073,,,
436,12/26/2021 14:11,77.073,,,
437,12/26/2021 14:11,77.073,,,
438,12/26/2021 14:11,77.073,,,
439,12/26/2021 14:11,77.116,,,
440,12/26/2021 14:12,77.116,,,
441,12/26/2021 14:12,77.073,,,
442,12/26/2021 14:12,77.073,,,
443,12/26/2021 14:12,77.073,,,
444,12/26/2021 14:12,77.116,,,
445,12/26/2021 14:12,77.073,,,
446,12/26/2021 14:12,77.073,,,
447,12/26/2021 14:12,77.116,,,
448,12/26/2021 14:12,77.116,,,
449,12/26/2021 14:12,77.116,,,
450,12/26/2021 14:12,77.116,,,
451,12/26/2021 14:12,77.073,,,
452,12/26/2021 14:13,77.116,,,
453,12/26/2021 14:13,77.116,,,
454,12/26/2021 14:13,77.073,,,
455,12/26/2021 14:13,77.116,,,
456,12/26/2021 14:13,77.073,,,
457,12/26/2021 14:13,77.073,,,
458,12/26/2021 14:13,77.073,,,
459,12/26/2021 14:13,77.073,,,
460,12/26/2021 14:13,77.116,,,
461,12/26/2021 14:13,77.073,,,
462,12/26/2021 14:13,77.073,,,
463,12/26/2021 14:13,77.073,,,
464,12/26/2021 14:14,77.073,,,
465,12/26/2021 14:14,77.073,,,
466,12/26/2021 14:14,77.073,,,
467,12/26/2021 14:14,77.073,,,
468,12/26/2021 14:14,77.073,,,
469,12/26/2021 14:14,77.073,,,
470,12/26/2021 14:14,77.116,,,
471,12/26/2021 14:14,77.116,,,
472,12/26/2021 14:14,77.073,,,
473,12/26/2021 14:14,77.116,,,
474,12/26/2021 14:14,77.073,,,
475,12/26/2021 14:14,77.116,,,
476,12/26/2021 14:15,77.116,,,
477,12/26/2021 14:15,77.116,,,
478,12/26/2021 14:15,77.116,,,
479,12/26/2021 14:15,77.116,,,
480,12/26/2021 14:15,77.073,,,
481,12/26/2021 14:15,77.073,,,
482,12/26/2021 14:15,77.073,,,
483,12/26/2021 14:15,77.073,,,
484,12/26/2021 14:15,77.073,,,
485,12/26/2021 14:15,77.073,,,
486,12/26/2021 14:15,77.073,,,
487,12/26/2021 14:15,77.073,,,
488,12/26/2021 14:16,77.116,,,
489,12/26/2021 14:16,77.073,,,
490,12/26/2021 14:16,77.116,,,
491,12/26/2021 14:16,77.073,,,
492,12/26/2021 14:16,77.116,,,
493,12/26/2021 14:16,77.073,,,
494,12/26/2021 14:16,77.073,,,
495,12/26/2021 14:16,77.116,,,
496,12/26/2021 14:16,77.073,,,
497,12/26/2021 14:16,77.073,,,
498,12/26/2021 14:16,77.073,,,
499,12/26/2021 14:16,77.073,,,
500,12/26/2021 14:17,77.073,,,
501,12/26/2021 14:17,77.073,,,
502,12/26/2021 14:17,77.116,,,
503,12/26/2021 14:17,77.073,,,
504,12/26/2021 14:17,77.073,,,
505,12/26/2021 14:17,77.073,,,
506,12/26/2021 14:17,77.073,,,
507,12/26/2021 14:17,77.073,,,
508,12/26/2021 14:17,77.073,,,
509,12/26/2021 14:17,77.073,,,
510,12/26/2021 14:17,77.073,,,
511,12/26/2021 14:17,77.073,,,
512,12/26/2021 14:18,77.073,,,
513,12/26/2021 14:18,77.073,,,
514,12/26/2021 14:18,77.073,,,
515,12/26/2021 14:18,77.073,,,
516,12/26/2021 14:18,77.073,,,
517,12/26/2021 14:18,77.116,,,
518,12/26/2021 14:18,77.116,,,
519,12/26/2021 14:18,77.116,,,
520,12/26/2021 14:18,77.116,,,
521,12/26/2021 14:18,77.073,,,
522,12/26/2021 14:18,77.073,,,
523,12/26/2021 14:18,77.116,,,
524,12/26/2021 14:19,77.073,,,
525,12/26/2021 14:19,77.116,,,
526,12/26/2021 14:19,77.073,,,
527,12/26/2021 14:19,77.116,,,
528,12/26/2021 14:19,77.116,,,
529,12/26/2021 14:19,77.073,,,
530,12/26/2021 14:19,77.073,,,
531,12/26/2021 14:19,77.073,,,
532,12/26/2021 14:19,77.073,,,
533,12/26/2021 14:19,77.073,,,
534,12/26/2021 14:19,77.073,,,
535,12/26/2021 14:19,77.073,,,
536,12/26/2021 14:20,77.073,,,
537,12/26/2021 14:20,77.116,,,
538,12/26/2021 14:20,77.073,,,
539,12/26/2021 14:20,77.073,,,
540,12/26/2021 14:20,77.029,,,
541,12/26/2021 14:20,77.073,,,
542,12/26/2021 14:20,77.073,,,
543,12/26/2021 14:20,77.073,,,
544,12/26/2021 14:20,77.073,,,
545,12/26/2021 14:20,77.073,,,
546,12/26/2021 14:20,77.073,,,
547,12/26/2021 14:20,77.073,,,
548,12/26/2021 14:21,77.073,,,
549,12/26/2021 14:21,77.073,,,
550,12/26/2021 14:21,77.073,,,
551,12/26/2021 14:21,77.073,,,
552,12/26/2021 14:21,77.073,,,
553,12/26/2021 14:21,77.073,,,
554,12/26/2021 14:21,77.073,,,
555,12/26/2021 14:21,77.073,,,
556,12/26/2021 14:21,77.073,,,
557,12/26/2021 14:21,77.073,,,
558,12/26/2021 14:21,77.073,,,
559,12/26/2021 14:21,77.073,,,
560,12/26/2021 14:22,77.116,,,
561,12/26/2021 14:22,77.073,,,
562,12/26/2021 14:22,77.073,,,
563,12/26/2021 14:22,77.073,,,
564,12/26/2021 14:22,77.029,,,
565,12/26/2021 14:22,77.073,,,
566,12/26/2021 14:22,77.116,,,
567,12/26/2021 14:22,77.073,,,
568,12/26/2021 14:22,77.116,,,
569,12/26/2021 14:22,77.116,,,
570,12/26/2021 14:22,77.073,,,
571,12/26/2021 14:22,77.073,,,
572,12/26/2021 14:23,77.073,,,
573,12/26/2021 14:23,77.073,,,
574,12/26/2021 14:23,77.073,,,
575,12/26/2021 14:23,77.116,,,
576,12/26/2021 14:23,77.116,,,
577,12/26/2021 14:23,77.073,,,
578,12/26/2021 14:23,77.116,,,
579,12/26/2021 14:23,77.116,,,
580,12/26/2021 14:23,77.116,,,
581,12/26/2021 14:23,77.073,,,
582,12/26/2021 14:23,77.073,,,
583,12/26/2021 14:23,77.116,,,
584,12/26/2021 14:24,77.116,,,
585,12/26/2021 14:24,77.073,,,
586,12/26/2021 14:24,77.116,,,
587,12/26/2021 14:24,77.116,,,
588,12/26/2021 14:24,77.116,,,
589,12/26/2021 14:24,77.073,,,
590,12/26/2021 14:24,77.073,,,
591,12/26/2021 14:24,77.073,,,
592,12/26/2021 14:24,77.116,,,
593,12/26/2021 14:24,77.073,,,
594,12/26/2021 14:24,77.116,,,
595,12/26/2021 14:24,77.073,,,
596,12/26/2021 14:25,77.073,,,
597,12/26/2021 14:25,77.073,,,
598,12/26/2021 14:25,77.073,,,
599,12/26/2021 14:25,77.116,,,
600,12/26/2021 14:25,77.073,,,
601,12/26/2021 14:25,77.116,,,
602,12/26/2021 14:25,77.073,,,
603,12/26/2021 14:25,77.116,,,
604,12/26/2021 14:25,77.073,,,
605,12/26/2021 14:25,77.116,,,
606,12/26/2021 14:25,77.073,,,
607,12/26/2021 14:25,77.116,,,
608,12/26/2021 14:26,77.116,,,
609,12/26/2021 14:26,77.073,,,
610,12/26/2021 14:26,77.116,,,
611,12/26/2021 14:26,77.073,,,
612,12/26/2021 14:26,77.073,,,
613,12/26/2021 14:26,77.116,,,
614,12/26/2021 14:26,77.073,,,
615,12/26/2021 14:26,77.073,,,
616,12/26/2021 14:26,77.116,,,
617,12/26/2021 14:26,77.116,,,
618,12/26/2021 14:26,77.116,,,
619,12/26/2021 14:26,77.116,,,
620,12/26/2021 14:27,77.073,,,
621,12/26/2021 14:27,77.073,,,
622,12/26/2021 14:27,77.073,,,
623,12/26/2021 14:27,77.073,,,
624,12/26/2021 14:27,77.116,,,
625,12/26/2021 14:27,77.073,,,
626,12/26/2021 14:27,77.073,,,
627,12/26/2021 14:27,77.073,,,
628,12/26/2021 14:27,77.073,,,
629,12/26/2021 14:27,77.116,,,
630,12/26/2021 14:27,77.073,,,
631,12/26/2021 14:27,77.073,,,
632,12/26/2021 14:28,77.073,,,
633,12/26/2021 14:28,77.073,,,
634,12/26/2021 14:28,77.073,,,
635,12/26/2021 14:28,77.073,,,
636,12/26/2021 14:28,77.116,,,
637,12/26/2021 14:28,77.073,,,
638,12/26/2021 14:28,77.073,,,
639,12/26/2021 14:28,77.073,,,
640,12/26/2021 14:28,77.073,,,
641,12/26/2021 14:28,77.116,,,
642,12/26/2021 14:28,77.073,,,
643,12/26/2021 14:28,77.073,,,
644,12/26/2021 14:29,77.116,,,
645,12/26/2021 14:29,77.116,,,
646,12/26/2021 14:29,77.116,,,
647,12/26/2021 14:29,77.116,,,
648,12/26/2021 14:29,77.116,,,
649,12/26/2021 14:29,77.116,,,
650,12/26/2021 14:29,77.116,,,
651,12/26/2021 14:29,77.116,,,
652,12/26/2021 14:29,77.073,,,
653,12/26/2021 14:29,77.073,,,
654,12/26/2021 14:29,77.116,,,
655,12/26/2021 14:29,77.203,,,
656,12/26/2021 14:30,77.465,,,
657,12/26/2021 14:30,77.858,,,
658,12/26/2021 14:30,78.339,,,
659,12/26/2021 14:30,78.953,,,
660,12/26/2021 14:30,79.524,,,
661,12/26/2021 14:30,80.096,,,
662,12/26/2021 14:30,80.625,,,
663,12/26/2021 14:30,81.111,,,
664,12/26/2021 14:30,81.509,,,
665,12/26/2021 14:30,81.908,,,
666,12/26/2021 14:30,82.219,,,
667,12/26/2021 14:30,82.575,,,
668,12/26/2021 14:31,82.886,,,
669,12/26/2021 14:31,83.154,,,
670,12/26/2021 14:31,83.422,,,
671,12/26/2021 14:31,83.645,,,
672,12/26/2021 14:31,83.959,,,
673,12/26/2021 14:31,84.183,,,
674,12/26/2021 14:31,84.497,,,
675,12/26/2021 14:31,84.721,,,
676,12/26/2021 14:31,84.991,,,
677,12/26/2021 14:31,85.261,,,
678,12/26/2021 14:31,85.532,,,
679,12/26/2021 14:31,85.803,,,
680,12/26/2021 14:32,86.074,,,
681,12/26/2021 14:32,86.301,,,
682,12/26/2021 14:32,86.527,,,
683,12/26/2021 14:32,86.8,,,
684,12/26/2021 14:32,87.027,,,
685,12/26/2021 14:32,87.209,,,
686,12/26/2021 14:32,87.437,,,
687,12/26/2021 14:32,87.619,,,
688,12/26/2021 14:32,87.802,,,
689,12/26/2021 14:32,87.985,,,
690,12/26/2021 14:32,88.168,,,
691,12/26/2021 14:32,88.351,,,
692,12/26/2021 14:33,88.534,,,
693,12/26/2021 14:33,88.718,,,
694,12/26/2021 14:33,88.856,,,
695,12/26/2021 14:33,89.039,,,
696,12/26/2021 14:33,89.177,,,
697,12/26/2021 14:33,89.362,,,
698,12/26/2021 14:33,89.5,,,
699,12/26/2021 14:33,89.639,,,
700,12/26/2021 14:33,89.777,,,
701,12/26/2021 14:33,89.916,,,
702,12/26/2021 14:33,90.055,,,
703,12/26/2021 14:33,90.193,,,
704,12/26/2021 14:34,90.332,,,
705,12/26/2021 14:34,90.425,,,
706,12/26/2021 14:34,90.564,,,
707,12/26/2021 14:34,90.657,,,
708,12/26/2021 14:34,90.797,,,
709,12/26/2021 14:34,90.936,,,
710,12/26/2021 14:34,91.029,,,
711,12/26/2021 14:34,91.123,,,
712,12/26/2021 14:34,91.262,,,
713,12/26/2021 14:34,91.309,,,
714,12/26/2021 14:34,91.449,,,
715,12/26/2021 14:34,91.542,,,
716,12/26/2021 14:35,91.636,,,
717,12/26/2021 14:35,91.729,,,
718,12/26/2021 14:35,91.823,,,
719,12/26/2021 14:35,91.87,,,
720,12/26/2021 14:35,91.963,,,
721,12/26/2021 14:35,92.057,,,
722,12/26/2021 14:35,92.151,,,
723,12/26/2021 14:35,92.245,,,
724,12/26/2021 14:35,92.292,,,
725,12/26/2021 14:35,92.339,,,
726,12/26/2021 14:35,92.433,,,
727,12/26/2021 14:35,92.527,,,
728,12/26/2021 14:36,92.574,,,
729,12/26/2021 14:36,92.621,,,
730,12/26/2021 14:36,92.668,,,
731,12/26/2021 14:36,92.762,,,
732,12/26/2021 14:36,92.809,,,
733,12/26/2021 14:36,92.856,,,
734,12/26/2021 14:36,92.95,,,
735,12/26/2021 14:36,92.997,,,
736,12/26/2021 14:36,93.045,,,
737,12/26/2021 14:36,93.139,,,
738,12/26/2021 14:36,93.186,,,
739,12/26/2021 14:36,93.233,,,
740,12/26/2021 14:37,93.281,,,
741,12/26/2021 14:37,93.281,,,
742,12/26/2021 14:37,93.328,,,
743,12/26/2021 14:37,93.375,,,
744,12/26/2021 14:37,93.423,,,
745,12/26/2021 14:37,93.47,,,
746,12/26/2021 14:37,93.517,,,
747,12/26/2021 14:37,93.564,,,
748,12/26/2021 14:37,93.564,,,
749,12/26/2021 14:37,93.612,,,
750,12/26/2021 14:37,93.659,,,
751,12/26/2021 14:37,93.707,,,
752,12/26/2021 14:38,93.754,,,
753,12/26/2021 14:38,93.754,,,
754,12/26/2021 14:38,93.801,,,
755,12/26/2021 14:38,93.849,,,
756,12/26/2021 14:38,93.896,,,
757,12/26/2021 14:38,93.896,,,
758,12/26/2021 14:38,93.944,,,
759,12/26/2021 14:38,93.991,,,
760,12/26/2021 14:38,93.991,,,
761,12/26/2021 14:38,94.039,,,
762,12/26/2021 14:38,94.039,,,
763,12/26/2021 14:38,94.086,,,
764,12/26/2021 14:39,94.134,,,
765,12/26/2021 14:39,94.134,,,
766,12/26/2021 14:39,94.134,,,
767,12/26/2021 14:39,94.181,,,
768,12/26/2021 14:39,94.181,,,
769,12/26/2021 14:39,94.229,,,
770,12/26/2021 14:39,94.229,,,
771,12/26/2021 14:39,94.276,,,
772,12/26/2021 14:39,94.276,,,
773,12/26/2021 14:39,94.276,,,
774,12/26/2021 14:39,94.324,,,
775,12/26/2021 14:39,94.324,,,
776,12/26/2021 14:40,94.324,,,
777,12/26/2021 14:40,94.324,,,
778,12/26/2021 14:40,94.372,,,
779,12/26/2021 14:40,94.372,,,
780,12/26/2021 14:40,94.419,,,
781,12/26/2021 14:40,94.467,,,
782,12/26/2021 14:40,94.467,,,
783,12/26/2021 14:40,94.514,,,
784,12/26/2021 14:40,94.514,,,
785,12/26/2021 14:40,94.514,,,
786,12/26/2021 14:40,94.514,,,
787,12/26/2021 14:40,94.562,,,
788,12/26/2021 14:41,94.562,,,
789,12/26/2021 14:41,94.562,,,
790,12/26/2021 14:41,94.61,,,
791,12/26/2021 14:41,94.61,,,
792,12/26/2021 14:41,94.61,,,
793,12/26/2021 14:41,94.61,,,
794,12/26/2021 14:41,94.657,,,
795,12/26/2021 14:41,94.657,,,
796,12/26/2021 14:41,94.657,,,
797,12/26/2021 14:41,94.657,,,
798,12/26/2021 14:41,94.657,,,
799,12/26/2021 14:41,94.705,,,
800,12/26/2021 14:42,94.705,,,
801,12/26/2021 14:42,94.705,,,
802,12/26/2021 14:42,94.753,,,
803,12/26/2021 14:42,94.753,,,
804,12/26/2021 14:42,94.753,,,
805,12/26/2021 14:42,94.753,,,
806,12/26/2021 14:42,94.753,,,
807,12/26/2021 14:42,94.753,,,
808,12/26/2021 14:42,94.801,,,
809,12/26/2021 14:42,94.801,,,
810,12/26/2021 14:42,94.801,,,
811,12/26/2021 14:42,94.801,,,
812,12/26/2021 14:43,94.801,,,
813,12/26/2021 14:43,94.801,,,
814,12/26/2021 14:43,94.848,,,
815,12/26/2021 14:43,94.848,,,
816,12/26/2021 14:43,94.848,,,
817,12/26/2021 14:43,94.848,,,
818,12/26/2021 14:43,94.848,,,
819,12/26/2021 14:43,94.848,,,
820,12/26/2021 14:43,94.848,,,
821,12/26/2021 14:43,94.896,,,
822,12/26/2021 14:43,94.896,,,
823,12/26/2021 14:43,94.896,,,
824,12/26/2021 14:44,94.896,,,
825,12/26/2021 14:44,94.896,,,
826,12/26/2021 14:44,94.896,,,
827,12/26/2021 14:44,94.896,,,
828,12/26/2021 14:44,94.896,,,
829,12/26/2021 14:44,94.896,,,
830,12/26/2021 14:44,94.896,,,
831,12/26/2021 14:44,94.896,,,
832,12/26/2021 14:44,94.896,,,
833,12/26/2021 14:44,94.944,,,
834,12/26/2021 14:44,94.896,,,
835,12/26/2021 14:44,94.944,,,
836,12/26/2021 14:45,94.944,,,
837,12/26/2021 14:45,94.944,,,
838,12/26/2021 14:45,94.944,,,
839,12/26/2021 14:45,94.944,,,
840,12/26/2021 14:45,94.944,,,
841,12/26/2021 14:45,94.944,,,
842,12/26/2021 14:45,94.944,,,
843,12/26/2021 14:45,94.944,,,
844,12/26/2021 14:45,94.944,,,
845,12/26/2021 14:45,94.944,,,
846,12/26/2021 14:45,94.944,,,
847,12/26/2021 14:45,94.944,,,
848,12/26/2021 14:46,94.992,,,
849,12/26/2021 14:46,94.992,,,
850,12/26/2021 14:46,94.944,,,
851,12/26/2021 14:46,94.992,,,
852,12/26/2021 14:46,94.992,,,
853,12/26/2021 14:46,94.992,,,
854,12/26/2021 14:46,94.992,,,
855,12/26/2021 14:46,94.992,,,
856,12/26/2021 14:46,94.992,,,
857,12/26/2021 14:46,94.992,,,
858,12/26/2021 14:46,94.992,,,
859,12/26/2021 14:46,94.992,,,
860,12/26/2021 14:47,94.992,,,
861,12/26/2021 14:47,94.992,,,
862,12/26/2021 14:47,94.992,,,
863,12/26/2021 14:47,94.992,,,
864,12/26/2021 14:47,94.992,,,
865,12/26/2021 14:47,94.992,,,
866,12/26/2021 14:47,94.992,,,
867,12/26/2021 14:47,94.992,,,
868,12/26/2021 14:47,95.04,,,
869,12/26/2021 14:47,95.04,,,
870,12/26/2021 14:47,95.04,,,
871,12/26/2021 14:47,95.04,,,
872,12/26/2021 14:48,95.04,,,
873,12/26/2021 14:48,95.04,,,
874,12/26/2021 14:48,94.992,,,
875,12/26/2021 14:48,95.04,,,
876,12/26/2021 14:48,95.04,,,
877,12/26/2021 14:48,95.04,,,
878,12/26/2021 14:48,95.04,,,
879,12/26/2021 14:48,95.04,,,
880,12/26/2021 14:48,95.04,,,
881,12/26/2021 14:48,95.04,,,
882,12/26/2021 14:48,95.04,,,
883,12/26/2021 14:48,95.04,,,
884,12/26/2021 14:49,95.04,,,
885,12/26/2021 14:49,95.04,,,
886,12/26/2021 14:49,95.04,,,
887,12/26/2021 14:49,95.04,,,
888,12/26/2021 14:49,95.04,,,
889,12/26/2021 14:49,95.04,,,
890,12/26/2021 14:49,95.04,,,
891,12/26/2021 14:49,95.04,,,
892,12/26/2021 14:49,95.04,,,
893,12/26/2021 14:49,95.04,,,
894,12/26/2021 14:49,95.04,,,
895,12/26/2021 14:49,95.04,,,
896,12/26/2021 14:50,95.04,,,
897,12/26/2021 14:50,95.04,,,
898,12/26/2021 14:50,95.04,,,
899,12/26/2021 14:50,95.04,,,
900,12/26/2021 14:50,95.04,,,
901,12/26/2021 14:50,95.04,,,
902,12/26/2021 14:50,95.04,,,
903,12/26/2021 14:50,95.04,,,
904,12/26/2021 14:50,95.04,,,
905,12/26/2021 14:50,95.04,,,
906,12/26/2021 14:50,95.04,,,
907,12/26/2021 14:50,95.04,,,
908,12/26/2021 14:51,95.04,,,
909,12/26/2021 14:51,95.04,,,
910,12/26/2021 14:51,95.04,,,
911,12/26/2021 14:51,95.04,,,
912,12/26/2021 14:51,95.04,,,
913,12/26/2021 14:51,95.04,,,
914,12/26/2021 14:51,95.087,,,
915,12/26/2021 14:51,95.04,,,
916,12/26/2021 14:51,95.087,,,
917,12/26/2021 14:51,95.087,,,
918,12/26/2021 14:51,95.087,,,
919,12/26/2021 14:51,95.087,,,
920,12/26/2021 14:52,95.087,,,
921,12/26/2021 14:52,95.04,,,
922,12/26/2021 14:52,95.087,,,
923,12/26/2021 14:52,95.087,,,
924,12/26/2021 14:52,95.04,,,
925,12/26/2021 14:52,95.087,,,
926,12/26/2021 14:52,95.04,,,
927,12/26/2021 14:52,95.087,,,
928,12/26/2021 14:52,95.04,,,
929,12/26/2021 14:52,95.04,,,
930,12/26/2021 14:52,95.087,,,
931,12/26/2021 14:52,95.087,,,
932,12/26/2021 14:53,95.087,,,
933,12/26/2021 14:53,95.087,,,
934,12/26/2021 14:53,95.04,,,
935,12/26/2021 14:53,95.04,,,
936,12/26/2021 14:53,95.04,,,
937,12/26/2021 14:53,95.04,,,
938,12/26/2021 14:53,95.087,,,
939,12/26/2021 14:53,95.087,,,
940,12/26/2021 14:53,95.04,,,
941,12/26/2021 14:53,95.087,,,
942,12/26/2021 14:53,95.087,,,
943,12/26/2021 14:53,95.087,,,
944,12/26/2021 14:54,95.087,,,
945,12/26/2021 14:54,95.087,,,
946,12/26/2021 14:54,95.087,,,
947,12/26/2021 14:54,95.087,,,
948,12/26/2021 14:54,95.087,,,
949,12/26/2021 14:54,95.087,,,
950,12/26/2021 14:54,95.087,,,
951,12/26/2021 14:54,95.087,,,
952,12/26/2021 14:54,95.087,,,
953,12/26/2021 14:54,95.087,,,
954,12/26/2021 14:54,95.087,,,
955,12/26/2021 14:54,95.087,,,
956,12/26/2021 14:55,95.087,,,
957,12/26/2021 14:55,95.087,,,
958,12/26/2021 14:55,95.087,,,
959,12/26/2021 14:55,95.087,,,
960,12/26/2021 14:55,95.087,,,
961,12/26/2021 14:55,95.087,,,
962,12/26/2021 14:55,95.087,,,
963,12/26/2021 14:55,95.087,,,
964,12/26/2021 14:55,95.087,,,
965,12/26/2021 14:55,95.087,,,
966,12/26/2021 14:55,95.087,,,
967,12/26/2021 14:55,95.087,,,
968,12/26/2021 14:56,95.087,,,
969,12/26/2021 14:56,95.087,,,
970,12/26/2021 14:56,95.087,,,
971,12/26/2021 14:56,95.087,,,
972,12/26/2021 14:56,95.087,,,
973,12/26/2021 14:56,95.087,,,
974,12/26/2021 14:56,95.087,,,
975,12/26/2021 14:56,95.04,,,
976,12/26/2021 14:56,95.087,,,
977,12/26/2021 14:56,95.087,,,
978,12/26/2021 14:56,95.087,,,
979,12/26/2021 14:56,95.087,,,
980,12/26/2021 14:57,95.087,,,
981,12/26/2021 14:57,95.087,,,
982,12/26/2021 14:57,95.087,,,
983,12/26/2021 14:57,95.087,,,
984,12/26/2021 14:57,95.087,,,
985,12/26/2021 14:57,95.087,,,
986,12/26/2021 14:57,95.087,,,
987,12/26/2021 14:57,95.087,,,
988,12/26/2021 14:57,95.087,,,
989,12/26/2021 14:57,95.087,,,
990,12/26/2021 14:57,95.087,,,
991,12/26/2021 14:57,95.087,,,
992,12/26/2021 14:58,95.087,,,
993,12/26/2021 14:58,95.087,,,
994,12/26/2021 14:58,95.087,,,
995,12/26/2021 14:58,95.087,,,
996,12/26/2021 14:58,95.087,,,
997,12/26/2021 14:58,95.087,,,
998,12/26/2021 14:58,95.087,,,
999,12/26/2021 14:58,95.087,,,
1000,12/26/2021 14:58,95.087,,,
1001,12/26/2021 14:58,95.087,,,
1002,12/26/2021 14:58,95.087,,,
1003,12/26/2021 14:58,95.087,,,
1004,12/26/2021 14:59,95.087,,,
1005,12/26/2021 14:59,95.087,,,
1006,12/26/2021 14:59,95.087,,,
1007,12/26/2021 14:59,95.087,,,
1008,12/26/2021 14:59,95.087,,,
1009,12/26/2021 14:59,95.087,,,
1010,12/26/2021 14:59,95.087,,,
1011,12/26/2021 14:59,95.087,,,
1012,12/26/2021 14:59,95.087,,,
1013,12/26/2021 14:59,95.087,,,
1014,12/26/2021 14:59,95.087,,,
1015,12/26/2021 14:59,95.087,,,
1016,12/26/2021 15:00,95.087,,,
1017,12/26/2021 15:00,95.087,,,
1018,12/26/2021 15:00,95.087,,,
1019,12/26/2021 15:00,95.087,,,
1020,12/26/2021 15:00,95.087,,,
1021,12/26/2021 15:00,95.087,,,
1022,12/26/2021 15:00,95.087,,,
1023,12/26/2021 15:00,95.087,,,
1024,12/26/2021 15:00,95.087,,,
1025,12/26/2021 15:00,95.087,,,
1026,12/26/2021 15:00,95.087,,,
1027,12/26/2021 15:00,95.087,,,
1028,12/26/2021 15:01,95.087,,,
1029,12/26/2021 15:01,95.087,,,
1030,12/26/2021 15:01,95.087,,,
1031,12/26/2021 15:01,95.087,,,
1032,12/26/2021 15:01,95.087,,,
1033,12/26/2021 15:01,95.087,,,
1034,12/26/2021 15:01,95.087,,,
1035,12/26/2021 15:01,95.087,,,
1036,12/26/2021 15:01,95.087,,,
1037,12/26/2021 15:01,95.087,,,
1038,12/26/2021 15:01,95.087,,,
1039,12/26/2021 15:01,95.087,,,
1040,12/26/2021 15:02,95.087,,,
1041,12/26/2021 15:02,95.087,,,
1042,12/26/2021 15:02,95.087,,,
1043,12/26/2021 15:02,95.04,,,
1044,12/26/2021 15:02,95.087,,,
1045,12/26/2021 15:02,95.087,,,
1046,12/26/2021 15:02,95.087,,,
1047,12/26/2021 15:02,95.087,,,
1048,12/26/2021 15:02,95.087,,,
1049,12/26/2021 15:02,95.087,,,
1050,12/26/2021 15:02,95.087,,,
1051,12/26/2021 15:02,95.087,,,
1052,12/26/2021 15:03,95.087,,,
1053,12/26/2021 15:03,95.087,,,
1054,12/26/2021 15:03,95.087,,,
1055,12/26/2021 15:03,95.087,,,
1056,12/26/2021 15:03,95.087,,,
1057,12/26/2021 15:03,95.087,,,
1058,12/26/2021 15:03,95.087,,,
1059,12/26/2021 15:03,95.087,,,
1060,12/26/2021 15:03,95.087,,,
1061,12/26/2021 15:03,95.087,,,
1062,12/26/2021 15:03,95.087,,,
1063,12/26/2021 15:03,95.087,,,
1064,12/26/2021 15:04,95.087,,,
1065,12/26/2021 15:04,95.087,,,
1066,12/26/2021 15:04,95.087,,,
1067,12/26/2021 15:04,95.087,,,
1068,12/26/2021 15:04,95.087,,,
1069,12/26/2021 15:04,95.087,,,
1070,12/26/2021 15:04,95.087,,,
1071,12/26/2021 15:04,95.087,,,
1072,12/26/2021 15:04,95.087,,,
1073,12/26/2021 15:04,95.087,,,
1074,12/26/2021 15:04,95.087,,,
1075,12/26/2021 15:04,95.087,,,
1076,12/26/2021 15:05,95.04,,,
1077,12/26/2021 15:05,95.087,,,
1078,12/26/2021 15:05,95.087,,,
1079,12/26/2021 15:05,95.087,,,
1080,12/26/2021 15:05,95.087,,,
1081,12/26/2021 15:05,95.087,,,
1082,12/26/2021 15:05,95.087,,,
1083,12/26/2021 15:05,95.087,,,
1084,12/26/2021 15:05,95.087,,,
1085,12/26/2021 15:05,95.087,,,
1086,12/26/2021 15:05,95.087,,,
1087,12/26/2021 15:05,95.087,,,
1088,12/26/2021 15:06,95.087,,,
1089,12/26/2021 15:06,95.087,,,
1090,12/26/2021 15:06,95.087,,,
1091,12/26/2021 15:06,95.087,,,
1092,12/26/2021 15:06,95.087,,,
1093,12/26/2021 15:06,95.087,,,
1094,12/26/2021 15:06,95.087,,,
1095,12/26/2021 15:06,95.087,,,
1096,12/26/2021 15:06,95.087,,,
1097,12/26/2021 15:06,95.087,,,
1098,12/26/2021 15:06,95.087,,,
1099,12/26/2021 15:06,95.087,,,
1100,12/26/2021 15:07,95.087,,,
1101,12/26/2021 15:07,95.087,,,
1102,12/26/2021 15:07,95.087,,,
1103,12/26/2021 15:07,95.087,,,
1104,12/26/2021 15:07,95.087,,,
1105,12/26/2021 15:07,95.087,,,
1106,12/26/2021 15:07,95.087,,,
1107,12/26/2021 15:07,95.087,,,
1108,12/26/2021 15:07,95.087,,,
1109,12/26/2021 15:07,95.087,,,
1110,12/26/2021 15:07,95.087,,,
1111,12/26/2021 15:07,95.087,,,
1112,12/26/2021 15:08,95.087,,,
1113,12/26/2021 15:08,95.087,,,
1114,12/26/2021 15:08,95.087,,,
1115,12/26/2021 15:08,95.087,,,
1116,12/26/2021 15:08,95.087,,,
1117,12/26/2021 15:08,95.087,,,
1118,12/26/2021 15:08,95.087,,,
1119,12/26/2021 15:08,95.087,,,
1120,12/26/2021 15:08,95.087,,,
1121,12/26/2021 15:08,95.087,,,
1122,12/26/2021 15:08,95.087,,,
1123,12/26/2021 15:08,95.087,,,
1124,12/26/2021 15:09,95.087,,,
1125,12/26/2021 15:09,95.087,,,
1126,12/26/2021 15:09,95.087,,,
1127,12/26/2021 15:09,95.087,,,
1128,12/26/2021 15:09,95.087,,,
1129,12/26/2021 15:09,95.087,,,
1130,12/26/2021 15:09,95.087,,,
1131,12/26/2021 15:09,95.087,,,
1132,12/26/2021 15:09,95.087,,,
1133,12/26/2021 15:09,95.087,,,
1134,12/26/2021 15:09,95.087,,,
1135,12/26/2021 15:09,95.087,,,
1136,12/26/2021 15:10,95.087,,,
1137,12/26/2021 15:10,95.087,,,
1138,12/26/2021 15:10,95.087,,,
1139,12/26/2021 15:10,95.087,,,
1140,12/26/2021 15:10,95.087,,,
1141,12/26/2021 15:10,95.087,,,
1142,12/26/2021 15:10,95.087,,,
1143,12/26/2021 15:10,95.087,,,
1144,12/26/2021 15:10,95.087,,,
1145,12/26/2021 15:10,95.087,,,
1146,12/26/2021 15:10,95.087,,,
1147,12/26/2021 15:10,95.087,,,
1148,12/26/2021 15:11,95.087,,,
1149,12/26/2021 15:11,95.087,,,
1150,12/26/2021 15:11,95.087,,,
1151,12/26/2021 15:11,95.087,,,
1152,12/26/2021 15:11,95.087,,,
1153,12/26/2021 15:11,95.087,,,
1154,12/26/2021 15:11,95.087,,,
1155,12/26/2021 15:11,95.087,,,
1156,12/26/2021 15:11,95.087,,,
1157,12/26/2021 15:11,95.087,,,
1158,12/26/2021 15:11,95.087,,,
1159,12/26/2021 15:11,95.087,,,
1160,12/26/2021 15:12,95.087,,,
1161,12/26/2021 15:12,95.087,,,
1162,12/26/2021 15:12,95.087,,,
1163,12/26/2021 15:12,95.087,,,
1164,12/26/2021 15:12,95.087,,,
1165,12/26/2021 15:12,95.087,,,
1166,12/26/2021 15:12,95.087,,,
1167,12/26/2021 15:12,95.087,,,
1168,12/26/2021 15:12,95.087,,,
1169,12/26/2021 15:12,95.087,,,
1170,12/26/2021 15:12,95.087,,,
1171,12/26/2021 15:12,95.087,,,
1172,12/26/2021 15:13,95.087,,,
1173,12/26/2021 15:13,95.087,,,
1174,12/26/2021 15:13,95.087,,,
1175,12/26/2021 15:13,95.087,,,
1176,12/26/2021 15:13,95.087,,,
1177,12/26/2021 15:13,95.087,,,
1178,12/26/2021 15:13,95.087,,,
1179,12/26/2021 15:13,95.087,,,
1180,12/26/2021 15:13,95.087,,,
1181,12/26/2021 15:13,95.087,,,
1182,12/26/2021 15:13,95.087,,,
1183,12/26/2021 15:13,95.087,,,
1184,12/26/2021 15:14,95.087,,,
1185,12/26/2021 15:14,95.087,,,
1186,12/26/2021 15:14,95.087,,,
1187,12/26/2021 15:14,95.087,,,
1188,12/26/2021 15:14,95.087,,,
1189,12/26/2021 15:14,95.087,,,
1190,12/26/2021 15:14,95.087,,,
1191,12/26/2021 15:14,95.087,,,
1192,12/26/2021 15:14,95.087,,,
1193,12/26/2021 15:14,95.087,,,
1194,12/26/2021 15:14,95.087,,,
1195,12/26/2021 15:14,95.087,,,
1196,12/26/2021 15:15,95.087,,,
1197,12/26/2021 15:15,95.087,,,
1198,12/26/2021 15:15,95.087,,,
1199,12/26/2021 15:15,95.087,,,
1200,12/26/2021 15:15,95.087,,,
1201,12/26/2021 15:15,95.087,,,
1202,12/26/2021 15:15,95.087,,,
1203,12/26/2021 15:15,95.087,,,
1204,12/26/2021 15:15,95.087,,,
1205,12/26/2021 15:15,95.087,,,
1206,12/26/2021 15:15,95.087,,,
1207,12/26/2021 15:15,95.087,,,
1208,12/26/2021 15:16,95.087,,,
1209,12/26/2021 15:16,95.087,,,
1210,12/26/2021 15:16,95.087,,,
1211,12/26/2021 15:16,95.087,,,
1212,12/26/2021 15:16,95.087,,,
1213,12/26/2021 15:16,95.087,,,
1214,12/26/2021 15:16,95.087,,,
1215,12/26/2021 15:16,95.087,,,
1216,12/26/2021 15:16,95.087,,,
1217,12/26/2021 15:16,95.087,,,
1218,12/26/2021 15:16,95.087,,,
1219,12/26/2021 15:16,95.087,,,
1220,12/26/2021 15:17,95.087,,,
1221,12/26/2021 15:17,95.087,,,
1222,12/26/2021 15:17,95.087,,,
1223,12/26/2021 15:17,95.087,,,
1224,12/26/2021 15:17,95.087,,,
1225,12/26/2021 15:17,95.087,,,
1226,12/26/2021 15:17,95.087,,,
1227,12/26/2021 15:17,95.087,,,
1228,12/26/2021 15:17,95.087,,,
1229,12/26/2021 15:17,95.087,,,
1230,12/26/2021 15:17,95.087,,,
1231,12/26/2021 15:17,95.087,,,
1232,12/26/2021 15:18,95.087,,,
1233,12/26/2021 15:18,95.087,,,
1234,12/26/2021 15:18,95.087,,,
1235,12/26/2021 15:18,95.087,,,
1236,12/26/2021 15:18,95.087,,,
1237,12/26/2021 15:18,95.327,,,
1238,12/26/2021 15:18,93.281,,,
1239,12/26/2021 15:18,91.169,,,
1240,12/26/2021 15:18,89.27,,,
1241,12/26/2021 15:18,87.437,,,
1242,12/26/2021 15:18,85.442,,,
1243,12/26/2021 15:18,82.931,,,
1244,12/26/2021 15:19,80.096,,,
1245,12/26/2021 15:19,78.646,,,
1246,12/26/2021 15:19,77.029,,,
1247,12/26/2021 15:19,75.985,,,
1248,12/26/2021 15:19,75.16,,,
1249,12/26/2021 15:19,74.51,,,
1250,12/26/2021 15:19,73.861,,,
1251,12/26/2021 15:19,73.343,,,
1252,12/26/2021 15:19,65.273,,,
1253,12/26/2021 15:19,72.394,,,
1254,12/26/2021 15:19,71.791,,,
1255,12/26/2021 15:19,71.232,,,
1256,12/26/2021 15:20,70.716,,,
1257,12/26/2021 15:20,70.201,,,
1258,12/26/2021 15:20,69.771,,,
1259,12/26/2021 15:20,69.342,,,
1260,12/26/2021 15:20,68.999,,,
1261,12/26/2021 15:20,68.571,,,
1262,12/26/2021 15:20,68.228,,,
1263,12/26/2021 15:20,67.842,,,
1264,12/26/2021 15:20,67.542,,,
1265,12/26/2021 15:20,67.243,,,
1266,12/26/2021 15:20,66.986,,,
1267,12/26/2021 15:20,66.729,,,
1268,12/26/2021 15:21,66.472,,,
1269,12/26/2021 15:21,66.215,,,
1270,12/26/2021 15:21,65.915,,,
1271,12/26/2021 15:21,65.701,,,
1272,12/26/2021 15:21,65.53,,,
1273,12/26/2021 15:21,65.316,,,
1274,12/26/2021 15:21,65.145,,,
1275,12/26/2021 15:21,64.974,,,
1276,12/26/2021 15:21,64.803,,,
1277,12/26/2021 15:21,64.631,,,
1278,12/26/2021 15:21,64.503,,,
1279,12/26/2021 15:21,64.375,,,
1280,12/26/2021 15:22,64.203,,,
1281,12/26/2021 15:22,64.118,,,
1282,12/26/2021 15:22,63.989,,,
1283,12/26/2021 15:22,63.861,,,
1284,12/26/2021 15:22,63.775,,,
1285,12/26/2021 15:22,63.69,,,
1286,12/26/2021 15:22,63.561,,,
1287,12/26/2021 15:22,63.476,,,
1288,12/26/2021 15:22,63.39,,,
1289,12/26/2021 15:22,63.304,,,
1290,12/26/2021 15:22,63.176,,,
1291,12/26/2021 15:22,63.133,,,
1292,12/26/2021 15:23,63.09,,,
1293,12/26/2021 15:23,63.005,,,
1294,12/26/2021 15:23,62.919,,,
1295,12/26/2021 15:23,62.833,,,
1296,12/26/2021 15:23,62.833,,,
1297,12/26/2021 15:23,62.79,,,
1298,12/26/2021 15:23,62.748,,,
1299,12/26/2021 15:23,62.662,,,
1300,12/26/2021 15:23,62.619,,,
1301,12/26/2021 15:23,62.576,,,
1302,12/26/2021 15:23,62.491,,,
1303,12/26/2021 15:23,62.491,,,
1304,12/26/2021 15:24,62.448,,,
1305,12/26/2021 15:24,62.405,,,
1306,12/26/2021 15:24,62.362,,,
1307,12/26/2021 15:24,62.319,,,
1308,12/26/2021 15:24,62.319,,,
1309,12/26/2021 15:24,,Logged,,
1310,12/26/2021 15:24,62.362,,,
1311,12/26/2021 15:24,62.619,,,
1312,12/26/2021 15:24,63.005,,Logged,Logged
