Date/Time,Electricity:Facility [J](Hourly),Electricity:Building [J](Hourly),Electricity:Zone:LIVING_UNIT1 [J](Hourly),Electricity:SpaceType:GENERAL [J](Hourly),Electricity:HVAC [J](Hourly),Electricity:Plant [J](Hourly) 
 01/21  01:00:00,30096495.634598147,2519341.8750856025,2519341.8750856025,2519341.8750856025,27386909.858442508,0.0 
 01/21  02:00:00,30188852.446816836,2300485.626558334,2300485.626558334,2300485.626558334,27698122.91918846,0.0 
 01/21  03:00:00,30265593.473371603,2226600.0926204654,2226600.0926204654,2226600.0926204654,27848749.479681097,0.0 
 01/21  04:00:00,30297172.94802053,2171740.4070940726,2171740.4070940726,2171740.4070940726,27935188.63985642,0.0 
 01/21  05:00:00,31313012.921831142,2335718.210080423,2335718.210080423,2335718.210080423,27885651.94885949,897114.5915646732 
 01/21  06:00:00,31457908.345336106,2902111.397117286,2902111.397117286,2902111.397117286,27569186.36172695,785120.4759984853 
 01/21  07:00:00,32547579.022956163,3490045.529346395,3490045.529346395,3490045.529346395,27242309.961886268,1800228.5858256938 
 01/21  08:00:00,32898220.593201324,3872409.4070758065,3872409.4070758065,3872409.4070758065,27168259.966397244,1844162.8751766607 
 01/21  09:00:00,35071037.93254356,3436548.288166884,3436548.288166884,3436548.288166884,27912674.03896188,3715924.733812097 
 01/21  10:00:00,33457961.12774546,3287629.4627914913,3287629.4627914913,3287629.4627914913,28320736.44913903,1845578.7124494566 
 01/21  11:00:00,33571477.66344817,3359522.254572048,3359522.254572048,3359522.254572048,28389174.260110497,1818764.6454001423 
 01/21  12:00:00,33615997.96299803,3405817.7973429887,3405817.7973429887,3405817.7973429887,28415532.021163877,1790631.641125681 
 01/21  13:00:00,33553566.168487128,3343416.5845005065,3343416.5845005065,3343416.5845005065,28437007.456718486,1769125.623902652 
 01/21  14:00:00,33477392.052970145,3277253.218523652,3277253.218523652,3277253.218523652,28440891.96794588,1755230.3631351243 
 01/21  15:00:00,32011013.892897293,3272159.2094632606,3272159.2094632606,3272159.2094632606,28422946.239197638,311891.94087091286 
 01/21  16:00:00,33261859.31651018,3549357.552769049,3549357.552769049,3549357.552769049,28279453.931909166,1426085.892665129 
 01/21  17:00:00,33980648.45491022,4479188.816479392,4479188.816479392,4479188.816479392,27734188.04789997,1752276.6446330536 
 01/21  18:00:00,34209414.44458588,5624286.233621349,5624286.233621349,5624286.233621349,26787684.67285885,1776557.720605174 
 01/21  19:00:00,33908068.474217094,6045788.3062472865,6045788.3062472865,6045788.3062472865,25841936.110444564,1804126.768025081 
 01/21  20:00:00,33551873.06279449,5971945.160957614,5971945.160957614,5971945.160957614,25550189.58505809,1810478.2216987128 
 01/21  21:00:00,33355949.730836462,5899533.255808762,5899533.255808762,5899533.255808762,25441515.707042743,1795640.6729048842 
 01/21  22:00:00,32930868.347561065,5386254.039457358,5386254.039457358,5386254.039457358,25558372.693549186,1774576.3622019053 
 01/21  23:00:00,32367558.870175432,4262786.538241955,4262786.538241955,4262786.538241955,26166134.094927777,1737415.893403347 
 01/21  24:00:00,30296130.68065626,3276627.552965166,3276627.552965166,3276627.552965166,26826046.023928672,0.0 
 08/21  01:00:00,5819479.778584529,2519341.8750856025,2519341.8750856025,2519341.8750856025,3109894.0024288874,0.0 
 08/21  02:00:00,5221089.456820628,2300485.626558334,2300485.626558334,2300485.626558334,2730359.9291922553,0.0 
 08/21  03:00:00,4883044.331926479,2226600.0926204654,2226600.0926204654,2226600.0926204654,2466200.3382359752,0.0 
 08/21  04:00:00,4620746.634832384,2171740.4070940726,2171740.4070940726,2171740.4070940726,2258762.3266682727,0.0 
 08/21  05:00:00,4658144.740078036,2335718.210080423,2335718.210080423,2335718.210080423,2127898.3586710603,0.0 
 08/21  06:00:00,6922627.101696492,2902111.397117286,2902111.397117286,2902111.397117286,2144656.868847643,1674368.7252381742 
 08/21  07:00:00,6221843.16348972,3490045.529346395,3490045.529346395,3490045.529346395,2716802.6882455237,0.0 
 08/21  08:00:00,9360216.18856921,3872409.4070758065,3872409.4070758065,3872409.4070758065,3728402.0961573306,1746016.3407844654 
 08/21  09:00:00,9698212.75002412,3436548.288166884,3436548.288166884,3436548.288166884,4501161.971813898,1754611.6184406304 
 08/21  10:00:00,9450166.35389356,3287629.4627914913,3287629.4627914913,3287629.4627914913,5319089.772827228,839430.6149093559 
 08/21  11:00:00,10387800.934379887,3359522.254572048,3359522.254572048,3359522.254572048,6121028.530817884,903233.6456244735 
 08/21  12:00:00,11824294.662597321,3405817.7973429887,3405817.7973429887,3405817.7973429887,6692574.089287906,1721886.2726009432 
 08/21  13:00:00,10234189.58897243,3343416.5845005065,3343416.5845005065,3343416.5845005065,6886756.501106439,0.0 
 08/21  14:00:00,11927479.299227415,3277253.218523652,3277253.218523652,3277253.218523652,6943147.704788244,1703061.8725500351 
 08/21  15:00:00,10251147.824928574,3272159.2094632606,3272159.2094632606,3272159.2094632606,6974972.112099832,0.0 
 08/21  16:00:00,12213749.766780496,3549357.552769049,3549357.552769049,3549357.552769049,6965239.768065676,1692190.506778936 
 08/21  17:00:00,11416242.694856819,4479188.816479392,4479188.816479392,4479188.816479392,6922058.932479625,0.0 
 08/21  18:00:00,14215345.395876221,5624286.233621349,5624286.233621349,5624286.233621349,6857988.104925792,1712185.2398285728 
 08/21  19:00:00,13596990.016761925,6045788.3062472865,6045788.3062472865,6045788.3062472865,6755731.18550914,579253.2355053414 
 08/21  20:00:00,13980363.634808702,5971945.160957614,5971945.160957614,5971945.160957614,6638938.643368987,1150219.7354020313 
 08/21  21:00:00,14030815.84796501,5899533.255808762,5899533.255808762,5899533.255808762,6188688.993064861,1723333.5040113158 
 08/21  22:00:00,10744878.681482632,5386254.039457358,5386254.039457358,5386254.039457358,5146959.389672661,0.0 
 08/21  23:00:00,10479557.06351472,4262786.538241955,4262786.538241955,4262786.538241955,4323423.756682244,1692124.424988162 
 08/21  24:00:00,7123783.3899125885,3276627.552965166,3276627.552965166,3276627.552965166,3653698.733184999,0.0 
 02/01  01:00:00,16663587.002978306,2498479.0097388276,2498479.0097388276,2498479.0097388276,13974864.09216944,0.0 
 02/01  02:00:00,15541572.344027778,2287908.203727021,2287908.203727021,2287908.203727021,13063420.239230718,0.0 
 02/01  03:00:00,16115073.239825923,2218387.455766968,2218387.455766968,2218387.455766968,13706441.882988917,0.0 
 02/01  04:00:00,17284658.905635025,2167160.80380385,2167160.80380385,2167160.80380385,14927254.200761136,0.0 
 02/01  05:00:00,19490911.5376376,2326991.86639299,2326991.86639299,2326991.86639299,16969391.49991806,0.0 
 02/01  06:00:00,22281047.10395569,2888368.680950925,2888368.680950925,2888368.680950925,17486064.902893372,1705123.4096180024 
 02/01  07:00:00,22141313.383149557,3455726.295687276,3455726.295687276,3455726.295687276,16873772.433322307,1796819.7082421733 
 02/01  08:00:00,21504556.823482677,3804342.957438114,3804342.957438114,3804342.957438114,15849760.143716246,1837065.377776709 
 02/01  09:00:00,19930035.3342331,3331560.1762823085,3331560.1762823085,3331560.1762823085,13959075.773939686,2633508.5124084014 
 02/01  10:00:00,18130747.852494027,3145052.4172653225,3145052.4172653225,3145052.4172653225,12100746.397093993,2880932.534769233 
 02/01  11:00:00,16023296.728358459,3201316.809840188,3201316.809840188,3201316.809840188,11012568.986366669,1805394.428786119 
 02/01  12:00:00,15221776.284546662,3245056.7517732778,3245056.7517732778,3245056.7517732778,10193712.09359838,1778990.935809521 
 02/01  13:00:00,13169607.844164465,3197289.398662933,3197289.398662933,3197289.398662933,8543658.21834131,1424643.7237947388 
 02/01  14:00:00,9966883.474992674,3143544.016284607,3143544.016284607,3143544.016284607,6487624.5328793,331698.4224632848 
 02/01  15:00:00,11046267.834189145,3152610.4832543777,3152610.4832543777,3152610.4832543777,6154788.358397137,1734852.4891721478 
 02/01  16:00:00,10788889.914359044,3436226.8211706067,3436226.8211706067,3436226.8211706067,5615786.263838837,1729914.890182765 
 02/01  17:00:00,10836929.028325424,4368891.063756271,4368891.063756271,4368891.063756271,6453043.018671351,0.0 
 02/01  18:00:00,14998623.995798297,5514884.4344747625,5514884.4344747625,5514884.4344747625,7693982.011977249,1768871.731845778 
 02/01  19:00:00,16129077.001326077,5936377.747743254,5936377.747743254,5936377.747743254,8180767.154354215,1795714.809728447 
 02/01  20:00:00,16636469.132526822,5860851.394397255,5860851.394397255,5860851.394397255,8754746.797322745,1801610.8457267531 
 02/01  21:00:00,17720242.075602308,5788324.826793473,5788324.826793473,5788324.826793473,9925684.766593058,1786972.3871357082 
 02/01  22:00:00,18290045.60419876,5275040.848512863,5275040.848512863,5275040.848512863,11036732.218865152,1766607.2844681367 
 02/01  23:00:00,18540420.135884445,4175767.1653783405,4175767.1653783405,4175767.1653783405,12430550.749546824,1732879.8773569241 
 02/01  24:00:00,17826642.638471674,3228431.3064444675,3228431.3064444675,3228431.3064444675,14404754.228264784,0.0 
 02/02  01:00:00,21393276.77107077,2498479.0097388276,2498479.0097388276,2498479.0097388276,17037875.680800676,1666678.1794612291 
 02/02  02:00:00,21671503.9287595,2287908.203727021,2287908.203727021,2287908.203727021,19193351.823962443,0.0 
 02/02  03:00:00,23262128.38638173,2218387.455766968,2218387.455766968,2218387.455766968,20853497.02954473,0.0 
 02/02  04:00:00,23734481.992461376,2167160.80380385,2167160.80380385,2167160.80380385,21377077.287587486,0.0 
 02/02  05:00:00,25030324.360901177,2326991.86639299,2326991.86639299,2326991.86639299,22508804.323181637,0.0 
 02/02  06:00:00,27642261.464267623,2888368.680950925,2888368.680950925,2888368.680950925,22847268.49940122,1705134.173422086 
 02/02  07:00:00,26869721.715102013,3455726.295687276,3455726.295687276,3455726.295687276,21601750.81493632,1797249.6585806159 
 02/02  08:00:00,27581030.283893026,3804342.957438114,3804342.957438114,3804342.957438114,21926591.324685916,1836707.6572173869 
 02/02  09:00:00,25109544.854322124,3331560.1762823085,3331560.1762823085,3331560.1762823085,19926129.91166445,1845963.8947726628 
 02/02  10:00:00,24143488.795698747,3145052.4172653225,3145052.4172653225,3145052.4172653225,17331185.95526585,3663233.919802094 
 02/02  11:00:00,20883516.574856233,3201316.809840188,3201316.809840188,3201316.809840188,15873068.577175265,1805114.684475298 
 02/02  12:00:00,19643767.429040417,3245056.7517732778,3245056.7517732778,3245056.7517732778,14615535.211530522,1779158.9623711356 
 02/02  13:00:00,14876683.065541262,3197289.398662933,3197289.398662933,3197289.398662933,11675377.163512846,0.0 
 02/02  14:00:00,13609445.63122504,3143544.016284607,3143544.016284607,3143544.016284607,8716040.626420245,1745844.4851547068 
 02/02  15:00:00,10691398.624568578,3152610.4832543777,3152610.4832543777,3152610.4832543777,5799934.6081842845,1734837.029764431 
 02/02  16:00:00,9256797.15378685,3436226.8211706067,3436226.8211706067,3436226.8211706067,4083986.0269129043,1729622.3665365023 
 02/02  17:00:00,7785047.534692591,4368891.063756271,4368891.063756271,4368891.063756271,3401161.5250385194,0.0 
 02/02  18:00:00,11467194.385267679,5514884.4344747625,5514884.4344747625,5514884.4344747625,4162777.127283409,1768647.0060089976 
 02/02  19:00:00,13990617.525346655,5936377.747743254,5936377.747743254,5936377.747743254,6042584.426124518,1795438.0619787239 
 02/02  20:00:00,14620218.6926327,5860851.394397255,5860851.394397255,5860851.394397255,6738200.4650301775,1801906.738125197 
 02/02  21:00:00,15907318.519241821,5788324.826793473,5788324.826793473,5788324.826793473,8112485.546816988,1787248.0505512916 
 02/02  22:00:00,18342028.954527624,5275040.848512863,5275040.848512863,5275040.848512863,11088606.259768145,1766716.5938940067 
 02/02  23:00:00,20829504.27651369,4175767.1653783405,4175767.1653783405,4175767.1653783405,14719796.46603268,1732718.3015003125 
 02/02  24:00:00,20230493.284308035,3228431.3064444675,3228431.3064444675,3228431.3064444675,16808604.874101143,0.0 
 02/03  01:00:00,22589646.207049027,2498479.0097388276,2498479.0097388276,2498479.0097388276,18234236.497490328,1666686.7987498313 
 02/03  02:00:00,21893040.07910076,2287908.203727021,2287908.203727021,2287908.203727021,19414887.974303704,0.0 
 02/03  03:00:00,22484726.236993592,2218387.455766968,2218387.455766968,2218387.455766968,20076094.880156588,0.0 
 02/03  04:00:00,22567181.12985908,2167160.80380385,2167160.80380385,2167160.80380385,20209776.42498519,0.0 
 02/03  05:00:00,22385361.27665803,2326991.86639299,2326991.86639299,2326991.86639299,19863841.238938488,0.0 
 02/03  06:00:00,24848006.468999572,2888368.680950925,2888368.680950925,2888368.680950925,20053260.818356887,1704886.8591983707 
 02/03  07:00:00,25614382.40709128,3455726.295687276,3455726.295687276,3455726.295687276,20346576.900748484,1797084.2647577182 
 02/03  08:00:00,25356699.71123587,3804342.957438114,3804342.957438114,3804342.957438114,19701832.908745795,1837135.500500348 
 02/03  09:00:00,21961109.85331557,3331560.1762823085,3331560.1762823085,3331560.1762823085,16777955.40393834,1845703.401492212 
 02/03  10:00:00,18887711.418939,3145052.4172653225,3145052.4172653225,3145052.4172653225,12999079.182791956,2739563.31551624 
 02/03  11:00:00,15957861.347327646,3201316.809840188,3201316.809840188,3201316.809840188,10037654.998169908,2714873.035952068 
 02/03  12:00:00,11600968.650555737,3245056.7517732778,3245056.7517732778,3245056.7517732778,7343600.629569332,1008294.7658476436 
 02/03  13:00:00,8682235.527571417,3197289.398662933,3197289.398662933,3197289.398662933,4719203.923719969,761725.7018230347 
 02/03  14:00:00,7202482.267239638,3143544.016284607,3143544.016284607,3143544.016284607,2308813.640941679,1746108.1066478689 
 02/03  15:00:00,5741076.420573842,3152610.4832543777,3152610.4832543777,3152610.4832543777,849292.9683000515,1735156.4656539296 
 02/03  16:00:00,3726724.889107089,3436226.8211706067,3436226.8211706067,3436226.8211706067,283536.12876964617,0.0 
 02/03  17:00:00,6282824.114857802,4368891.063756271,4368891.063756271,4368891.063756271,154285.71428571438,1744652.3909180171 
 02/03  18:00:00,7681397.897718286,5514884.4344747625,5514884.4344747625,5514884.4344747625,377099.7804338202,1768527.865309196 
 02/03  19:00:00,9843467.631029997,5936377.747743254,5936377.747743254,5936377.747743254,1895165.0791683653,1795707.5146182189 
 02/03  20:00:00,11334075.066054352,5860851.394397255,5860851.394397255,5860851.394397255,3452216.2404493624,1801747.3361276654 
 02/03  21:00:00,12442517.092766149,5788324.826793473,5788324.826793473,5788324.826793473,4648111.354928013,1786820.8159645936 
 02/03  22:00:00,12945416.122809257,5275040.848512863,5275040.848512863,5275040.848512863,5691700.440168573,1767009.581775211 
 02/03  23:00:00,13335376.065025037,4175767.1653783405,4175767.1653783405,4175767.1653783405,7225903.566827546,1732482.9892167952 
 02/03  24:00:00,12132432.80362193,3228431.3064444675,3228431.3064444675,3228431.3064444675,8710544.393415038,0.0 
 02/04  01:00:00,12911985.4950171,2498479.0097388276,2498479.0097388276,2498479.0097388276,10223262.584208235,0.0 
 02/04  02:00:00,15114584.091081144,2287908.203727021,2287908.203727021,2287908.203727021,10983292.084018879,1653139.902265205 
 02/04  03:00:00,13395806.435014404,2218387.455766968,2218387.455766968,2218387.455766968,10987175.078177398,0.0 
 02/04  04:00:00,14891905.798138943,2167160.80380385,2167160.80380385,2167160.80380385,12534501.093265057,0.0 
 02/04  05:00:00,16097445.236417174,2326991.86639299,2326991.86639299,2326991.86639299,13575925.19869763,0.0 
 02/04  06:00:00,18951761.927955918,2888368.680950925,2888368.680950925,2888368.680950925,14157037.29225938,1704865.844252221 
 02/04  07:00:00,19651021.797082454,3455726.295687276,3455726.295687276,3455726.295687276,14383063.559106806,1797236.9963905688 
 02/04  08:00:00,19365905.450512417,3804342.957438114,3804342.957438114,3804342.957438114,13711247.182004534,1836926.9665181611 
 02/04  09:00:00,18318464.838399947,3331560.1762823085,3331560.1762823085,3331560.1762823085,13135124.486533092,1845889.3039818415 
 02/04  10:00:00,17480444.59013159,3145052.4172653225,3145052.4172653225,3145052.4172653225,12499758.804311704,1831616.865189079 
 02/04  11:00:00,17009258.346007347,3201316.809840188,3201316.809840188,3201316.809840188,11180159.898911698,2623765.133889982 
 02/04  12:00:00,14927181.21473796,3245056.7517732778,3245056.7517732778,3245056.7517732778,10706061.858130466,972046.1014687334 
 02/04  13:00:00,15471261.98542469,3197289.398662933,3197289.398662933,3197289.398662933,10510824.266349243,1759131.8170470314 
 02/04  14:00:00,14469047.855003199,3143544.016284607,3143544.016284607,3143544.016284607,9575515.092220532,1745972.2431325763 
 02/04  15:00:00,13857818.717994757,3152610.4832543777,3152610.4832543777,3152610.4832543777,8966456.549607733,1734735.181767161 
 02/04  16:00:00,12396309.001679592,3436226.8211706067,3436226.8211706067,3436226.8211706067,8953120.241342148,0.0 
 02/04  17:00:00,14791566.612990197,4368891.063756271,4368891.063756271,4368891.063756271,8663216.417456716,1744464.1858794047 
 02/04  18:00:00,15433020.369890437,5514884.4344747625,5514884.4344747625,5514884.4344747625,8128351.0538143385,1768899.0641008273 
 02/04  19:00:00,16178146.66037545,5936377.747743254,5936377.747743254,5936377.747743254,8229961.135650925,1795590.487481108 
 02/04  20:00:00,16457169.537817802,5860851.394397255,5860851.394397255,5860851.394397255,8575161.371837456,1801896.6765030238 
 02/04  21:00:00,16547477.428733103,5788324.826793473,5788324.826793473,5788324.826793473,8752670.197199678,1787222.3096598827 
 02/04  22:00:00,16375745.32973839,5275040.848512863,5275040.848512863,5275040.848512863,9122160.366175469,1766878.8626974467 
 02/04  23:00:00,16308125.447829565,4175767.1653783405,4175767.1653783405,4175767.1653783405,10198322.322298992,1732813.6165498744 
 02/04  24:00:00,14982585.593095098,3228431.3064444675,3228431.3064444675,3228431.3064444675,11560697.182888206,0.0 
 02/05  01:00:00,15416720.836060755,2498479.0097388276,2498479.0097388276,2498479.0097388276,12727997.925251892,0.0 
 02/05  02:00:00,17542178.113141954,2287908.203727021,2287908.203727021,2287908.203727021,13410722.178901,1653303.829443896 
 02/05  03:00:00,16259126.12964696,2218387.455766968,2218387.455766968,2218387.455766968,13850494.772809956,0.0 
 02/05  04:00:00,15769770.21707924,2167160.80380385,2167160.80380385,2167160.80380385,13412365.512205353,0.0 
 02/05  05:00:00,15593746.34514758,2326991.86639299,2326991.86639299,2326991.86639299,13072226.307428036,0.0 
 02/05  06:00:00,17597714.80006987,2888368.680950925,2888368.680950925,2888368.680950925,12802714.66920342,1705141.3394221386 
 02/05  07:00:00,17861589.78675944,3455726.295687276,3455726.295687276,3455726.295687276,12594026.337129386,1796842.208044976 
 02/05  08:00:00,18562630.645905644,3804342.957438114,3804342.957438114,3804342.957438114,12908272.673576452,1836626.6703394686 
 02/05  09:00:00,18278948.892040152,3331560.1762823085,3331560.1762823085,3331560.1762823085,13096003.036877861,1845494.807277274 
 02/05  10:00:00,17756030.030325007,3145052.4172653225,3145052.4172653225,3145052.4172653225,12775484.148049638,1831476.9616445638 
 02/05  11:00:00,17138898.598284863,3201316.809840188,3201316.809840188,3201316.809840188,12128432.8530527,1805132.4320264938 
 02/05  12:00:00,15232723.343330693,3245056.7517732778,3245056.7517732778,3245056.7517732778,10204815.178933127,1778834.9092588057 
 02/05  13:00:00,14069415.134534294,3197289.398662933,3197289.398662933,3197289.398662933,9109309.774477277,1758799.458028602 
 02/05  14:00:00,12846896.226925746,3143544.016284607,3143544.016284607,3143544.016284607,7953327.887070619,1746007.8202050375 
 02/05  15:00:00,11692114.913022272,3152610.4832543777,3152610.4832543777,3152610.4832543777,6800409.062854252,1735078.86354816 
 02/05  16:00:00,9925865.142398808,3436226.8211706067,3436226.8211706067,3436226.8211706067,6482676.382061365,0.0 
 02/05  17:00:00,12262219.279898789,4368891.063756271,4368891.063756271,4368891.063756271,6133691.976404841,1744641.2938398758 
 02/05  18:00:00,13169341.880002331,5514884.4344747625,5514884.4344747625,5514884.4344747625,5864852.087557499,1768719.5404695629 
 02/05  19:00:00,13903968.703595793,5936377.747743254,5936377.747743254,5936377.747743254,5956141.781381064,1795231.884971318 
 02/05  20:00:00,14148338.51232744,5860851.394397255,5860851.394397255,5860851.394397255,6266650.24027934,1801576.782570775 
 02/05  21:00:00,14412346.981983509,5788324.826793473,5788324.826793473,5788324.826793473,6617662.221063625,1787099.839046341 
 02/05  22:00:00,14584323.319676373,5275040.848512863,5275040.848512863,5275040.848512863,7330928.785747531,1766688.4330633697 
 02/05  23:00:00,14604070.243109588,4175767.1653783405,4175767.1653783405,4175767.1653783405,8494526.651271256,1732554.082857631 
 02/05  24:00:00,12734683.07958236,3228431.3064444675,3228431.3064444675,3228431.3064444675,9312794.669375468,0.0 
 02/06  01:00:00,12969757.764959523,2519341.8750856025,2519341.8750856025,2519341.8750856025,10260171.98880388,0.0 
 02/06  02:00:00,14826368.460802216,2300485.626558334,2300485.626558334,2300485.626558334,10681335.222982287,1654303.7101915567 
 02/06  03:00:00,13362942.898317989,2226600.0926204654,2226600.0926204654,2226600.0926204654,10946098.904627485,0.0 
 02/06  04:00:00,14141365.057102757,2171740.4070940726,2171740.4070940726,2171740.4070940726,11779380.748938646,0.0 
 02/06  05:00:00,14647736.242506258,2335718.210080423,2335718.210080423,2335718.210080423,12117489.861099284,0.0 
 02/06  06:00:00,16671897.902439423,2902111.397117286,2902111.397117286,2902111.397117286,11861753.570303358,1706542.824525389 
 02/06  07:00:00,16992401.281409133,3490045.529346395,3490045.529346395,3490045.529346395,11686695.93850578,1800664.867659157 
 02/06  08:00:00,16924786.812074974,3872409.4070758065,3872409.4070758065,3872409.4070758065,11193736.758846829,1845252.3016007305 
 02/06  09:00:00,16012168.303410165,3436548.288166884,3436548.288166884,3436548.288166884,10710992.39427631,1858736.749364261 
 02/06  10:00:00,16234664.398328459,3287629.4627914913,3287629.4627914913,3287629.4627914913,9876136.128022866,3066882.304148618 
 02/06  11:00:00,14704167.279461376,3359522.254572048,3359522.254572048,3359522.254572048,8904551.872959968,2436076.6485638786 
 02/06  12:00:00,12976772.298173575,3405817.7973429887,3405817.7973429887,3405817.7973429887,7775923.069042318,1791014.9284227872 
 02/06  13:00:00,11902206.159158368,3343416.5845005065,3343416.5845005065,3343416.5845005065,6784956.712378663,1769816.3589137148 
 02/06  14:00:00,9575214.294879736,3277253.218523652,3277253.218523652,3277253.218523652,6293944.572990601,0.0 
 02/06  15:00:00,11091415.481506236,3272159.2094632606,3272159.2094632606,3272159.2094632606,6072132.61745263,1743107.1512248632 
 02/06  16:00:00,11756159.140271049,3549357.552769049,3549357.552769049,3549357.552769049,6462531.273005504,1737308.3753296598 
 02/06  17:00:00,12747062.111834262,4479188.816479392,4479188.816479392,4479188.816479392,6500472.059917795,1752406.2895392745 
 02/06  18:00:00,13716702.596402746,5624286.233621349,5624286.233621349,5624286.233621349,6294555.781885871,1776974.7633950175 
 02/06  19:00:00,14485350.685006432,6045788.3062472865,6045788.3062472865,6045788.3062472865,6418618.404221232,1804726.6850377556 
 02/06  20:00:00,15095941.939359128,5971945.160957614,5971945.160957614,5971945.160957614,7093481.647417493,1811255.0359039528 
 02/06  21:00:00,15696701.959665589,5899533.255808762,5899533.255808762,5899533.255808762,7781716.379286487,1796192.2294902704 
 02/06  22:00:00,15545423.953994952,5386254.039457358,5386254.039457358,5386254.039457358,8172780.049975489,1774724.6122094933 
 02/06  23:00:00,13734676.044253897,4262786.538241955,4262786.538241955,4262786.538241955,9270667.162409585,0.0 
 02/06  24:00:00,15377835.182031788,3276627.552965166,3276627.552965166,3276627.552965166,10206743.02558742,1701007.4997167774 
 02/07  01:00:00,13900696.136678077,2519341.8750856025,2519341.8750856025,2519341.8750856025,11191110.360522436,0.0 
 02/07  02:00:00,14307182.130135395,2300485.626558334,2300485.626558334,2300485.626558334,11816452.602507021,0.0 
 02/07  03:00:00,14083858.878365083,2226600.0926204654,2226600.0926204654,2226600.0926204654,11667014.884674577,0.0 
 02/07  04:00:00,16099684.866415204,2171740.4070940726,2171740.4070940726,2171740.4070940726,12088041.802948972,1649658.7553021212 
 02/07  05:00:00,14703851.530798506,2335718.210080423,2335718.210080423,2335718.210080423,12173605.14939153,0.0 
 02/07  06:00:00,14312660.66570403,2902111.397117286,2902111.397117286,2902111.397117286,11209059.158093354,0.0 
 02/07  07:00:00,15602704.636046555,3490045.529346395,3490045.529346395,3490045.529346395,10296751.946706977,1800912.2140953832 
 02/07  08:00:00,17210260.77832306,3872409.4070758065,3872409.4070758065,3872409.4070758065,9634023.489488963,3690439.5372066814 
 02/07  09:00:00,14707189.452450056,3436548.288166884,3436548.288166884,3436548.288166884,9405967.788189668,1858782.5044907974 
 02/07  10:00:00,13223405.383745655,3287629.4627914913,3287629.4627914913,3287629.4627914913,8085087.458259234,1846671.9593294468 
 02/07  11:00:00,10005645.121898193,3359522.254572048,3359522.254572048,3359522.254572048,4822634.560603703,1819471.8033569597 
 02/07  12:00:00,8097860.450014502,3405817.7973429887,3405817.7973429887,3405817.7973429887,2897008.2979600467,1791017.8513459843 
 02/07  13:00:00,6277671.046281042,3343416.5845005065,3343416.5845005065,3343416.5845005065,1160422.3865796821,1769815.5718353703 
 02/07  14:00:00,5191061.459173729,3277253.218523652,3277253.218523652,3277253.218523652,154285.71428571438,1755506.0229988794 
 02/07  15:00:00,5173214.70308584,3272159.2094632606,3272159.2094632606,3272159.2094632606,154285.71428571438,1742753.275971383 
 02/07  16:00:00,5447727.300071053,3549357.552769049,3549357.552769049,3549357.552769049,154285.71428571438,1737122.0938494543 
 02/07  17:00:00,4648469.476662908,4479188.816479392,4479188.816479392,4479188.816479392,154285.71428571438,0.0 
 02/07  18:00:00,7576111.680299983,5624286.233621349,5624286.233621349,5624286.233621349,154285.71428571438,1776653.9148924116 
 02/07  19:00:00,9571528.584959893,6045788.3062472865,6045788.3062472865,6045788.3062472865,1505193.106480964,1804329.8827314833 
 02/07  20:00:00,11840511.054430434,5971945.160957614,5971945.160957614,5971945.160957614,3332147.946487155,2317157.8519055964 
 02/07  21:00:00,12950409.60499042,5899533.255808762,5899533.255808762,5899533.255808762,4522523.045767572,2309093.2083340166 
 02/07  22:00:00,11809796.772000417,5386254.039457358,5386254.039457358,5386254.039457358,5440439.412044435,771438.0681460128 
 02/07  23:00:00,12994821.397775067,4262786.538241955,4262786.538241955,4262786.538241955,6792734.074740763,1738078.4411899918 
 02/07  24:00:00,13750261.676273694,3276627.552965166,3276627.552965166,3276627.552965166,8579250.219853846,1700926.7996922578 
 02/08  01:00:00,12576861.933354674,2498479.0097388276,2498479.0097388276,2498479.0097388276,9888139.022545809,0.0 
 02/08  02:00:00,13539200.674438857,2287908.203727021,2287908.203727021,2287908.203727021,11061048.569641799,0.0 
 02/08  03:00:00,14715281.275608638,2218387.455766968,2218387.455766968,2218387.455766968,12306649.918771632,0.0 
 02/08  04:00:00,15627381.834917532,2167160.80380385,2167160.80380385,2167160.80380385,13269977.130043644,0.0 
 02/08  05:00:00,18559402.45948624,2326991.86639299,2326991.86639299,2326991.86639299,14377351.015815847,1660531.4059508499 
 02/08  06:00:00,18054192.66502223,2888368.680950925,2888368.680950925,2888368.680950925,14964333.873577919,0.0 
 02/08  07:00:00,20293110.558847364,3455726.295687276,3455726.295687276,3455726.295687276,15025514.850528233,1796874.4667340578 
 02/08  08:00:00,20121250.190639887,3804342.957438114,3804342.957438114,3804342.957438114,14466884.304463528,1836634.5841866347 
 02/08  09:00:00,18718399.89840283,3331560.1762823085,3331560.1762823085,3331560.1762823085,11690016.216564447,3690932.6339533664 
 02/08  10:00:00,14728143.900062252,3145052.4172653225,3145052.4172653225,3145052.4172653225,9747752.100719782,1831322.8787116664 
 02/08  11:00:00,14175104.910205843,3201316.809840188,3201316.809840188,3201316.809840188,9164924.545267243,1804847.05173293 
 02/08  12:00:00,11676125.234524425,3245056.7517732778,3245056.7517732778,3245056.7517732778,6648507.946493464,1778544.0328922025 
 02/08  13:00:00,10008350.151455212,3197289.398662933,3197289.398662933,3197289.398662933,5048342.332385158,1758701.9170416393 
 02/08  14:00:00,6034940.673050346,3143544.016284607,3143544.016284607,3143544.016284607,2887380.1534002577,0.0 
 02/08  15:00:00,5889806.336583817,3152610.4832543777,3152610.4832543777,3152610.4832543777,998473.2779292692,1734706.0720346887 
 02/08  16:00:00,6686939.951633993,3436226.8211706067,3436226.8211706067,3436226.8211706067,1514270.5542469951,1729480.6370495558 
 02/08  17:00:00,8185890.69341881,4368891.063756271,4368891.063756271,4368891.063756271,2057551.660101883,1744453.0236628552 
 02/08  18:00:00,8025393.398109956,5514884.4344747625,5514884.4344747625,5514884.4344747625,2489623.146134686,0.0 
 02/08  19:00:00,11102444.449457053,5936377.747743254,5936377.747743254,5936377.747743254,3154432.8266733605,1795416.5855402795 
 02/08  20:00:00,13322430.959383423,5860851.394397255,5860851.394397255,5860851.394397255,4647116.186840184,2595203.2830659137 
 02/08  21:00:00,13262504.920869157,5788324.826793473,5788324.826793473,5788324.826793473,5865853.042957399,1389066.9560382133 
 02/08  22:00:00,14671250.712243248,5275040.848512863,5275040.848512863,5275040.848512863,7803444.156245546,1381100.4551322258 
 02/08  23:00:00,16098382.960767599,4175767.1653783405,4175767.1653783405,4175767.1653783405,9988743.089472968,1732650.3623139295 
 02/08  24:00:00,16126490.768222736,3228431.3064444675,3228431.3064444675,3228431.3064444675,11006506.41802798,1698095.9399878627 
 02/09  01:00:00,15126967.197129156,2498479.0097388276,2498479.0097388276,2498479.0097388276,12438244.286320291,0.0 
 02/09  02:00:00,15960193.262078432,2287908.203727021,2287908.203727021,2287908.203727021,13482041.157281373,0.0 
 02/09  03:00:00,15848307.648485761,2218387.455766968,2218387.455766968,2218387.455766968,13439676.291648757,0.0 
 02/09  04:00:00,16030744.499235788,2167160.80380385,2167160.80380385,2167160.80380385,13673339.7943619,0.0 
 02/09  05:00:00,16198967.329567343,2326991.86639299,2326991.86639299,2326991.86639299,13677447.291847803,0.0 
 02/09  06:00:00,18815446.723497547,2888368.680950925,2888368.680950925,2888368.680950925,14020562.967285506,1705024.9647677278 
 02/09  07:00:00,18815907.319515005,3455726.295687276,3455726.295687276,3455726.295687276,13548647.224013902,1796538.8539160253 
 02/09  08:00:00,18136331.301248927,3804342.957438114,3804342.957438114,3804342.957438114,12481940.372571014,1836659.626688187 
 02/09  09:00:00,19210047.461569436,3331560.1762823085,3331560.1762823085,3331560.1762823085,13335862.805044835,2536733.608639582 
 02/09  10:00:00,18971347.39168902,3145052.4172653225,3145052.4172653225,3145052.4172653225,12846553.620752398,2975724.8503058203 
 02/09  11:00:00,16382905.43257273,3201316.809840188,3201316.809840188,3201316.809840188,11372555.262073684,1805016.8572933758 
 02/09  12:00:00,15232527.950099496,3245056.7517732778,3245056.7517732778,3245056.7517732778,10204901.57618141,1778553.1187793235 
 02/09  13:00:00,12337685.67979125,3197289.398662933,3197289.398662933,3197289.398662933,8015714.809715302,1120664.968047531 
 02/09  14:00:00,10520755.40175935,3143544.016284607,3143544.016284607,3143544.016284607,6740151.436664432,633043.445444829 
 02/09  15:00:00,10764239.292635448,3152610.4832543777,3152610.4832543777,3152610.4832543777,5873058.534039643,1734553.7719759452 
 02/09  16:00:00,9984032.805420622,3436226.8211706067,3436226.8211706067,3436226.8211706067,4811228.391749469,1729615.6533337126 
 02/09  17:00:00,8800002.477618147,4368891.063756271,4368891.063756271,4368891.063756271,4416116.467964075,0.0 
 02/09  18:00:00,11617021.816329112,5514884.4344747625,5514884.4344747625,5514884.4344747625,4312784.296651141,1768467.267702701 
 02/09  19:00:00,12159849.799552958,5936377.747743254,5936377.747743254,5936377.747743254,4211894.774092424,1795359.9882171212 
 02/09  20:00:00,11585466.402929895,5860851.394397255,5860851.394397255,5860851.394397255,3703909.1384683866,1801445.7749841851 
 02/09  21:00:00,11227870.860197984,5788324.826793473,5788324.826793473,5788324.826793473,3433781.6762931505,1786504.2620312902 
 02/09  22:00:00,11037390.81188528,5275040.848512863,5275040.848512863,5275040.848512863,3784163.1021597823,1766521.608860024 
 02/09  23:00:00,10136333.083011035,4175767.1653783405,4175767.1653783405,4175767.1653783405,4026706.5797387343,1732636.994291603 
 02/09  24:00:00,7291426.342843266,3228431.3064444675,3228431.3064444675,3228431.3064444675,3869537.932636375,0.0 
 02/10  01:00:00,8427918.403383486,2498479.0097388276,2498479.0097388276,2498479.0097388276,4072839.64756445,1666355.8450101716 
 02/10  02:00:00,7060344.112015834,2287908.203727021,2287908.203727021,2287908.203727021,4582192.007218775,0.0 
 02/10  03:00:00,7031930.8078013,2218387.455766968,2218387.455766968,2218387.455766968,4623299.450964293,0.0 
 02/10  04:00:00,6836197.738901313,2167160.80380385,2167160.80380385,2167160.80380385,4478793.034027426,0.0 
 02/10  05:00:00,6804764.217017713,2326991.86639299,2326991.86639299,2326991.86639299,4283244.17929817,0.0 
 02/10  06:00:00,9111579.944610693,2888368.680950925,2888368.680950925,2888368.680950925,4317026.395244461,1704694.7579219183 
 02/10  07:00:00,9541262.797640309,3455726.295687276,3455726.295687276,3455726.295687276,4273915.713338791,1796625.8427164406 
 02/10  08:00:00,9947251.030681353,3804342.957438114,3804342.957438114,3804342.957438114,4293372.028517261,1836147.700174369 
 02/10  09:00:00,11534274.6650438,3331560.1762823085,3331560.1762823085,3331560.1762823085,6351664.675580374,1845158.9415784092 
 02/10  10:00:00,16675170.057903787,3145052.4172653225,3145052.4172653225,3145052.4172653225,9893474.976969576,3632626.1603034055 
 02/10  11:00:00,18126251.285666097,3201316.809840188,3201316.809840188,3201316.809840188,13087247.4482592,1833670.5242012287 
 02/10  12:00:00,21231003.68542029,3245056.7517732778,3245056.7517732778,3245056.7517732778,16203297.236859567,1778633.1934219596 
 02/10  13:00:00,22684254.276400656,3197289.398662933,3197289.398662933,3197289.398662933,19482948.374372244,0.0 
 02/10  14:00:00,26016816.0994309,3143544.016284607,3143544.016284607,3143544.016284607,21123807.806035433,1745447.773745378 
 02/10  15:00:00,27448773.667787824,3152610.4832543777,3152610.4832543777,3152610.4832543777,22557585.80591278,1734560.8752551773 
 02/10  16:00:00,26151475.078624588,3436226.8211706067,3436226.8211706067,3436226.8211706067,21716219.331811443,992066.9864757025 
 02/10  17:00:00,28984231.103799,4368891.063756271,4368891.063756271,4368891.063756271,23856705.384273056,743639.7098718677 
 02/10  18:00:00,35446902.51419503,5514884.4344747625,5514884.4344747625,5514884.4344747625,28142632.870843396,1768499.3913763622 
 02/10  19:00:00,38023744.29918257,5936377.747743254,5936377.747743254,5936377.747743254,30076174.446590528,1794974.81534863 
 02/10  20:00:00,40173034.83707221,5860851.394397255,5860851.394397255,5860851.394397255,32291846.8553683,1801076.4922265785 
 02/10  21:00:00,42496641.34402313,5788324.826793473,5788324.826793473,5788324.826793473,34702401.99269202,1786654.4294575602 
 02/10  22:00:00,42664852.31095368,5275040.848512863,5275040.848512863,5275040.848512863,35411824.42705328,1766321.7830349226 
 02/10  23:00:00,43618473.75265156,4175767.1653783405,4175767.1653783405,4175767.1653783405,37509045.887597814,1732438.3560730368 
 02/10  24:00:00,41375080.643097915,3228431.3064444675,3228431.3064444675,3228431.3064444675,37953192.23289102,0.0 
 02/11  01:00:00,42796019.66891794,2498479.0097388276,2498479.0097388276,2498479.0097388276,39589234.46927196,518062.2888371193 
 02/11  02:00:00,45564363.81794073,2287908.203727021,2287908.203727021,2287908.203727021,41947154.69601154,1139057.017132125 
 02/11  03:00:00,42991458.70030704,2218387.455766968,2218387.455766968,2218387.455766968,40582827.34347004,0.0 
 02/11  04:00:00,41265410.51840023,2167160.80380385,2167160.80380385,2167160.80380385,38908005.81352633,0.0 
 02/11  05:00:00,39353246.658371136,2326991.86639299,2326991.86639299,2326991.86639299,36831726.62065159,0.0 
 02/11  06:00:00,41582589.750456154,2888368.680950925,2888368.680950925,2888368.680950925,36787766.0828583,1704964.8761535473 
 02/11  07:00:00,41391197.758920036,3455726.295687276,3455726.295687276,3455726.295687276,36123717.122419894,1796759.3949150583 
 02/11  08:00:00,39740912.98236642,3804342.957438114,3804342.957438114,3804342.957438114,34086810.990388446,1836370.6899882443 
 02/11  09:00:00,36898560.13802988,3331560.1762823085,3331560.1762823085,3331560.1762823085,31715876.46724888,1845232.6228959842 
 02/11  10:00:00,31319893.06870987,3145052.4172653225,3145052.4172653225,3145052.4172653225,26339995.031477038,1830829.1166020266 
 02/11  11:00:00,27112542.031440977,3201316.809840188,3201316.809840188,3201316.809840188,21183567.464525763,2723641.253709545 
 02/11  12:00:00,23763931.497508995,3245056.7517732778,3245056.7517732778,3245056.7517732778,19642384.292513423,872473.9498568098 
 02/11  13:00:00,21218144.512396645,3197289.398662933,3197289.398662933,3197289.398662933,16258360.636071483,1758477.974296748 
 02/11  14:00:00,17612276.99780801,3143544.016284607,3143544.016284607,3143544.016284607,12719077.499110442,1745638.9790474833 
 02/11  15:00:00,16020501.656336898,3152610.4832543777,3152610.4832543777,3152610.4832543777,11129378.339530857,1734496.330186181 
 02/11  16:00:00,13159686.675871022,3436226.8211706067,3436226.8211706067,3436226.8211706067,9716497.91553358,0.0 
 02/11  17:00:00,14217163.898596995,4368891.063756271,4368891.063756271,4368891.063756271,8089343.759294236,1743934.1296486857 
 02/11  18:00:00,16270796.706966091,5514884.4344747625,5514884.4344747625,5514884.4344747625,8966968.834550824,1768057.6204399948 
 02/11  19:00:00,20194127.939249426,5936377.747743254,5936377.747743254,5936377.747743254,12246666.705140784,1794866.1968652292 
 02/11  20:00:00,21885603.26996813,5860851.394397255,5860851.394397255,5860851.394397255,14004143.540579796,1801348.2399110072 
 02/11  21:00:00,23633335.014793523,5788324.826793473,5788324.826793473,5788324.826793473,15839028.883937985,1786721.2089819955 
 02/11  22:00:00,24985799.771934826,5275040.848512863,5275040.848512863,5275040.848512863,17732859.806423575,1766233.8646457812 
 02/11  23:00:00,25607648.754307367,4175767.1653783405,4175767.1653783405,4175767.1653783405,19498253.549208138,1732405.6961185308 
 02/11  24:00:00,24917918.172202997,3228431.3064444675,3228431.3064444675,3228431.3064444675,21496029.761996105,0.0 
 02/12  01:00:00,25154940.0865532,2498479.0097388276,2498479.0097388276,2498479.0097388276,22466217.175744332,0.0 
 02/12  02:00:00,26794979.514323715,2287908.203727021,2287908.203727021,2287908.203727021,22663792.594193563,1653034.8153330972 
 02/12  03:00:00,26067408.44444406,2218387.455766968,2218387.455766968,2218387.455766968,23658777.087607052,0.0 
 02/12  04:00:00,26133828.18587336,2167160.80380385,2167160.80380385,2167160.80380385,23776423.48099947,0.0 
 02/12  05:00:00,26839887.12887071,2326991.86639299,2326991.86639299,2326991.86639299,24318367.09115117,0.0 
 02/12  06:00:00,29534871.09140197,2888368.680950925,2888368.680950925,2888368.680950925,24740431.073146973,1704581.2268106802 
 02/12  07:00:00,28609602.115640022,3455726.295687276,3455726.295687276,3455726.295687276,23342420.058719892,1796460.815335049 
 02/12  08:00:00,27969778.008113123,3804342.957438114,3804342.957438114,3804342.957438114,22315947.553614885,1836099.1525085184 
 02/12  09:00:00,27810881.11942624,3331560.1762823085,3331560.1762823085,3331560.1762823085,22628607.13463388,1844822.9369073368 
 02/12  10:00:00,26120120.73359918,3145052.4172653225,3145052.4172653225,3145052.4172653225,21140610.148313705,1830441.6646546687 
 02/12  11:00:00,21987861.064711686,3201316.809840188,3201316.809840188,3201316.809840188,16978090.99139286,1804436.7601131578 
 02/12  12:00:00,20282782.90676151,3245056.7517732778,3245056.7517732778,3245056.7517732778,15255300.19997739,1778409.4516453543 
 02/12  13:00:00,18846389.759456918,3197289.398662933,3197289.398662933,3197289.398662933,13886611.48659379,1758472.3708347096 
 02/12  14:00:00,16957671.323540423,3143544.016284607,3143544.016284607,3143544.016284607,12064461.988292271,1745648.815598064 
 02/12  15:00:00,15658266.831793237,3152610.4832543777,3152610.4832543777,3152610.4832543777,10767257.981601005,1734381.8635723693 
 02/12  16:00:00,13256642.258111728,3436226.8211706067,3436226.8211706067,3436226.8211706067,9813453.497774284,0.0 
 02/12  17:00:00,14805802.292035531,4368891.063756271,4368891.063756271,4368891.063756271,8677733.45392721,1744182.8284542495 
 02/12  18:00:00,15333719.628481619,5514884.4344747625,5514884.4344747625,5514884.4344747625,8029847.615456607,1768101.761049742 
 02/12  19:00:00,16922332.88207955,5936377.747743254,5936377.747743254,5936377.747743254,8974703.043152384,1795034.8016837523 
 02/12  20:00:00,17405230.26867608,5860851.394397255,5860851.394397255,5860851.394397255,9524072.134399306,1801046.6447994518 
 02/12  21:00:00,18528830.452597003,5788324.826793473,5788324.826793473,5788324.826793473,10734974.871813709,1786270.658909752 
 02/12  22:00:00,19332037.98071188,5275040.848512863,5275040.848512863,5275040.848512863,12078915.7333915,1766416.1464549096 
 02/12  23:00:00,19969507.613866083,4175767.1653783405,4175767.1653783405,4175767.1653783405,13966300.37737398,1626217.7275114085 
 02/12  24:00:00,18952377.800292566,3228431.3064444675,3228431.3064444675,3228431.3064444675,15426536.733462114,103952.65662356421 
 02/13  01:00:00,18933160.2001482,2519341.8750856025,2519341.8750856025,2519341.8750856025,16223574.423992557,0.0 
 02/13  02:00:00,19581182.336713906,2300485.626558334,2300485.626558334,2300485.626558334,17090452.809085533,0.0 
 02/13  03:00:00,21889825.684646085,2226600.0926204654,2226600.0926204654,2226600.0926204654,17824537.26788525,1648444.4230703292 
 02/13  04:00:00,20183617.027250774,2171740.4070940726,2171740.4070940726,2171740.4070940726,17821632.719086666,0.0 
 02/13  05:00:00,20768963.65268001,2335718.210080423,2335718.210080423,2335718.210080423,18238717.271273036,0.0 
 02/13  06:00:00,23898383.45009399,2902111.397117286,2902111.397117286,2902111.397117286,19171583.924398847,1623198.0180844686 
 02/13  07:00:00,23871754.645238068,3490045.529346395,3490045.529346395,3490045.529346395,18478608.284542736,1888105.885451138 
 02/13  08:00:00,22609122.2125631,3872409.4070758065,3872409.4070758065,3872409.4070758065,16878938.458959036,1844386.0019766535 
 02/13  09:00:00,20748993.248631574,3436548.288166884,3436548.288166884,3436548.288166884,15448822.638003936,1857731.4508580437 
 02/13  10:00:00,19369735.997559287,3287629.4627914913,3287629.4627914913,3287629.4627914913,14232285.400938528,1845804.6304637874 
 02/13  11:00:00,19187229.176549293,3359522.254572048,3359522.254572048,3359522.254572048,12186266.721533462,3637423.697078305 
 02/13  12:00:00,15353172.419921871,3405817.7973429887,3405817.7973429887,3405817.7973429887,10152627.106785035,1790711.0124283654 
 02/13  13:00:00,11859671.64766861,3343416.5845005065,3343416.5845005065,3343416.5845005065,8512238.55980262,0.0 
 02/13  14:00:00,11794075.299593424,3277253.218523652,3277253.218523652,3277253.218523652,6757780.844346334,1755024.7333579548 
 02/13  15:00:00,10209182.871276764,3272159.2094632606,3272159.2094632606,3272159.2094632606,5190327.520907867,1742679.6375401523 
 02/13  16:00:00,7803488.900151425,3549357.552769049,3549357.552769049,3549357.552769049,2510342.648252557,1736826.759962983 
 02/13  17:00:00,7663613.272091482,4479188.816479392,4479188.816479392,4479188.816479392,1779933.568483022,1389495.941231265 
 02/13  18:00:00,7983995.289963092,5624286.233621349,5624286.233621349,5624286.233621349,1971374.988567079,367448.25027415546 
 02/13  19:00:00,13118479.479868464,6045788.3062472865,6045788.3062472865,6045788.3062472865,3989915.674696066,2866558.209424953 
 02/13  20:00:00,13928754.765305672,5971945.160957614,5971945.160957614,5971945.160957614,5183159.858857684,2554389.6504103052 
 02/13  21:00:00,13460501.013739113,5899533.255808762,5899533.255808762,5899533.255808762,5546170.41318086,1795537.2496694191 
 02/13  22:00:00,14264486.008618528,5386254.039457358,5386254.039457358,5386254.039457358,6948300.207619468,1718266.5091890888 
 02/13  23:00:00,13277127.646574631,4262786.538241955,4262786.538241955,4262786.538241955,8758084.808113173,55033.95661714525 
 02/13  24:00:00,15235104.87658446,3276627.552965166,3276627.552965166,3276627.552965166,10064598.33320315,1700421.8866537218 
 02/14  01:00:00,14531670.603387075,2519341.8750856025,2519341.8750856025,2519341.8750856025,11822084.827231433,0.0 
 02/14  02:00:00,16796094.37976872,2300485.626558334,2300485.626558334,2300485.626558334,14305364.852140348,0.0 
 02/14  03:00:00,17141348.919331357,2226600.0926204654,2226600.0926204654,2226600.0926204654,14724504.925640851,0.0 
 02/14  04:00:00,17517958.23977845,2171740.4070940726,2171740.4070940726,2171740.4070940726,15155973.93161434,0.0 
 02/14  05:00:00,20333119.483465083,2335718.210080423,2335718.210080423,2335718.210080423,16141376.977767767,1661496.1242903422 
 02/14  06:00:00,19631688.940962367,2902111.397117286,2902111.397117286,2902111.397117286,16528087.43335169,0.0 
 02/14  07:00:00,21998576.342466805,3490045.529346395,3490045.529346395,3490045.529346395,16693381.121637143,1800154.745585465 
 02/14  08:00:00,22928532.022177327,3872409.4070758065,3872409.4070758065,3872409.4070758065,15653914.206754372,3388820.0637955414 
 02/14  09:00:00,17341490.518813744,3436548.288166884,3436548.288166884,3436548.288166884,11739813.661199352,2159237.697844801 
 02/14  10:00:00,13439536.447038252,3287629.4627914913,3287629.4627914913,3287629.4627914913,8302559.939405481,1845330.541475797 
 02/14  11:00:00,11016684.922528576,3359522.254572048,3359522.254572048,3359522.254572048,5834712.402077176,1818433.7625138692 
 02/14  12:00:00,8117050.171673038,3405817.7973429887,3405817.7973429887,3405817.7973429887,2916905.4197346265,1790310.4512299406 
 02/14  13:00:00,6057903.603065232,3343416.5845005065,3343416.5845005065,3343416.5845005065,941288.7323731764,1769181.782826066 
 02/14  14:00:00,5190540.507817288,3277253.218523652,3277253.218523652,3277253.218523652,154285.71428571438,1754985.071642439 
 02/14  15:00:00,5172568.213588432,3272159.2094632606,3272159.2094632606,3272159.2094632606,154285.71428571438,1742106.786473976 
 02/14  16:00:00,3918663.123240192,3549357.552769049,3549357.552769049,3549357.552769049,362343.63130430673,0.0 
 02/14  17:00:00,7004750.476127233,4479188.816479392,4479188.816479392,4479188.816479392,759219.8423028566,1751346.8714471827 
 02/14  18:00:00,8067344.147587856,5624286.233621349,5624286.233621349,5624286.233621349,646892.004848218,1775280.091617781 
 02/14  19:00:00,8230908.837648852,6045788.3062472865,6045788.3062472865,6045788.3062472865,166067.16696345527,1802836.0749379508 
 02/14  20:00:00,8155517.938965192,5971945.160957614,5971945.160957614,5971945.160957614,154285.71428571438,1810026.9686417964 
 02/14  21:00:00,8748762.591031386,5899533.255808762,5899533.255808762,5899533.255808762,834632.5879141253,1795336.6522284292 
 02/14  22:00:00,11082117.331764074,5386254.039457358,5386254.039457358,5386254.039457358,3709988.460294618,1774209.579659487 
 02/14  23:00:00,11909196.998162732,4262786.538241955,4262786.538241955,4262786.538241955,5707551.616295745,1737636.500022675 
 02/14  24:00:00,11374628.178865919,3276627.552965166,3276627.552965166,3276627.552965166,7904543.522138329,0.0 
 02/15  01:00:00,13506378.981861848,2498479.0097388276,2498479.0097388276,2498479.0097388276,9151143.261331107,1666512.809721875 
 02/15  02:00:00,13011613.55215759,2287908.203727021,2287908.203727021,2287908.203727021,10533461.447360534,0.0 
 02/15  03:00:00,14446021.588633068,2218387.455766968,2218387.455766968,2218387.455766968,12037390.231796063,0.0 
 02/15  04:00:00,14786526.296200765,2167160.80380385,2167160.80380385,2167160.80380385,12429121.591326877,0.0 
 02/15  05:00:00,15487124.982758304,2326991.86639299,2326991.86639299,2326991.86639299,12965604.945038762,0.0 
 02/15  06:00:00,18054658.129155602,2888368.680950925,2888368.680950925,2888368.680950925,13260060.067101762,1704739.2706095278 
 02/15  07:00:00,18621020.887632523,3455726.295687276,3455726.295687276,3455726.295687276,13354364.798484951,1795934.847562496 
 02/15  08:00:00,18312049.713383395,3804342.957438114,3804342.957438114,3804342.957438114,12658972.342691097,1835346.0687025755 
 02/15  09:00:00,14584729.534067534,3331560.1762823085,3331560.1762823085,3331560.1762823085,9402993.876725785,1844284.6094567333 
 02/15  10:00:00,13205684.43446961,3145052.4172653225,3145052.4172653225,3145052.4172653225,6396529.608671816,3660085.90516699 
 02/15  11:00:00,8753060.85373276,3201316.809840188,3201316.809840188,3201316.809840188,3743541.9154795925,1804185.625047497 
 02/15  12:00:00,6155752.094025657,3245056.7517732778,3245056.7517732778,3245056.7517732778,1128484.637649107,1778194.2012377882 
 02/15  13:00:00,3355591.616314129,3197289.398662933,3197289.398662933,3197289.398662933,154285.71428571438,0.0 
 02/15  14:00:00,5046968.656938113,3143544.016284607,3143544.016284607,3143544.016284607,154285.71428571438,1745122.42300231 
 02/15  15:00:00,5212935.299296639,3152610.4832543777,3152610.4832543777,3152610.4832543777,322859.0251333411,1733449.287543438 
 02/15  16:00:00,5374888.110577033,3436226.8211706067,3436226.8211706067,3436226.8211706067,792767.9130459285,1138931.437193662 
 02/15  17:00:00,5981826.607975655,4368891.063756271,4368891.063756271,4368891.063756271,1003504.9559489293,594435.6423726532 
 02/15  18:00:00,8006902.823991898,5514884.4344747625,5514884.4344747625,5514884.4344747625,703958.0637640177,1767174.5082526107 
 02/15  19:00:00,8143378.80059316,5936377.747743254,5936377.747743254,5936377.747743254,197233.08197869608,1793550.681371053 
 02/15  20:00:00,8034231.214406614,5860851.394397255,5860851.394397255,5860851.394397255,154285.71428571438,1799834.0106435744 
 02/15  21:00:00,7947345.218014081,5788324.826793473,5788324.826793473,5788324.826793473,154285.71428571438,1785474.581854824 
 02/15  22:00:00,8874701.513276512,5275040.848512863,5275040.848512863,5275040.848512863,1622254.4653796472,1765740.947031389 
 02/15  23:00:00,10062331.312820317,4175767.1653783405,4175767.1653783405,4175767.1653783405,3953469.5975991962,1731872.206240423 
 02/15  24:00:00,9318650.783345772,3228431.3064444675,3228431.3064444675,3228431.3064444675,5896762.373138881,0.0 
 02/16  01:00:00,9772521.92893232,2498479.0097388276,2498479.0097388276,2498479.0097388276,7083799.018123454,0.0 
 02/16  02:00:00,12074181.771340095,2287908.203727021,2287908.203727021,2287908.203727021,7942811.924092658,1653217.7424503774 
 02/16  03:00:00,11650358.37298796,2218387.455766968,2218387.455766968,2218387.455766968,9241727.016150955,0.0 
 02/16  04:00:00,12675210.6417624,2167160.80380385,2167160.80380385,2167160.80380385,10317805.93688851,0.0 
 02/16  05:00:00,13336717.539060572,2326991.86639299,2326991.86639299,2326991.86639299,10815197.501341028,0.0 
 02/16  06:00:00,16342139.727526069,2888368.680950925,2888368.680950925,2888368.680950925,11547882.134049222,1704398.8020325357 
 02/16  07:00:00,17649677.13166667,3455726.295687276,3455726.295687276,3455726.295687276,12383060.937173378,1795894.952908217 
 02/16  08:00:00,17763139.17923397,3804342.957438114,3804342.957438114,3804342.957438114,12110263.587959109,1835144.2892851362 
 02/16  09:00:00,14537740.315472964,3331560.1762823085,3331560.1762823085,3331560.1762823085,9356183.919716531,1844105.3478714162 
 02/16  10:00:00,10263921.214669254,3145052.4172653225,3145052.4172653225,3145052.4172653225,5285059.5311501585,1829792.7628882881 
 02/16  11:00:00,7208829.384998064,3201316.809840188,3201316.809840188,3201316.809840188,2199717.39443878,1803778.677353613 
 02/16  12:00:00,5276770.312682265,3245056.7517732778,3245056.7517732778,3245056.7517732778,249598.0107370953,1778099.04680641 
 02/16  13:00:00,5113567.394881934,3197289.398662933,3197289.398662933,3197289.398662933,154285.71428571438,1757975.778567805 
 02/16  14:00:00,5149508.4839137355,3143544.016284607,3143544.016284607,3143544.016284607,257305.9891634129,1744641.9751002332 
 02/16  15:00:00,5878385.882013501,3152610.4832543777,3152610.4832543777,3152610.4832543777,988359.9924471092,1733398.9029465313 
 02/16  16:00:00,4902496.38068781,3436226.8211706067,3436226.8211706067,3436226.8211706067,1459307.6203503672,0.0 
 02/16  17:00:00,7701959.353096768,4368891.063756271,4368891.063756271,4368891.063756271,1574945.1562362006,1743128.187206496 
 02/16  18:00:00,8473696.998304632,5514884.4344747625,5514884.4344747625,5514884.4344747625,1171080.6493015056,1766846.0970278545 
 02/16  19:00:00,8465689.040444585,5936377.747743254,5936377.747743254,5936377.747743254,519661.7701040277,1793432.2330971437 
 02/16  20:00:00,8043127.058387862,5860851.394397255,5860851.394397255,5860851.394397255,163311.77846972004,1799703.7904408167 
 02/16  21:00:00,7947070.472695655,5788324.826793473,5788324.826793473,5788324.826793473,154285.71428571438,1785199.8365363982 
 02/16  22:00:00,7406759.109950771,5275040.848512863,5275040.848512863,5275040.848512863,154285.71428571438,1765767.2947995828 
 02/16  23:00:00,8123420.617311099,4175767.1653783405,4175767.1653783405,4175767.1653783405,2226552.5999608855,1519878.5083695157 
 02/16  24:00:00,7927035.4135379195,3228431.3064444675,3228431.3064444675,3228431.3064444675,4297532.88230476,207614.1210262687 
 02/17  01:00:00,9007164.28637492,2498479.0097388276,2498479.0097388276,2498479.0097388276,6318441.375566054,0.0 
 02/17  02:00:00,10367739.301846148,2287908.203727021,2287908.203727021,2287908.203727021,7889587.19704909,0.0 
 02/17  03:00:00,12804478.972366404,2218387.455766968,2218387.455766968,2218387.455766968,8748001.863166213,1647845.7523631854 
 02/17  04:00:00,11914306.776583508,2167160.80380385,2167160.80380385,2167160.80380385,9556902.07170962,0.0 
 02/17  05:00:00,12752442.957369776,2326991.86639299,2326991.86639299,2326991.86639299,10230922.919650234,0.0 
 02/17  06:00:00,13499116.145593133,2888368.680950925,2888368.680950925,2888368.680950925,10409257.354148816,0.0 
 02/17  07:00:00,17227464.006011356,3455726.295687276,3455726.295687276,3455726.295687276,11624091.121795993,2132651.6426302884 
 02/17  08:00:00,18357357.00332377,3804342.957438114,3804342.957438114,3804342.957438114,11213390.96847085,3326234.7328631985 
 02/17  09:00:00,11828422.975873537,3331560.1762823085,3331560.1762823085,3331560.1762823085,6647284.873263571,1843687.0547249517 
 02/17  10:00:00,7899217.561132825,3145052.4172653225,3145052.4172653225,3145052.4172653225,2920613.6974099968,1829534.943092023 
 02/17  11:00:00,5530191.099607771,3201316.809840188,3201316.809840188,3201316.809840188,521164.96918365225,1803692.8172184487 
 02/17  12:00:00,5180775.901887927,3245056.7517732778,3245056.7517732778,3245056.7517732778,154285.71428571438,1777416.9324634527 
 02/17  13:00:00,5113139.902966234,3197289.398662933,3197289.398662933,3197289.398662933,154285.71428571438,1757548.2866521052 
 02/17  14:00:00,5589026.757360585,3143544.016284607,3143544.016284607,3143544.016284607,697272.9760018785,1744193.2617086163 
 02/17  15:00:00,4601022.142099217,3152610.4832543777,3152610.4832543777,3152610.4832543777,1444395.1554793566,0.0 
 02/17  16:00:00,7099423.170383465,3436226.8211706067,3436226.8211706067,3436226.8211706067,1928161.0453911782,1728073.3646548446 
 02/17  17:00:00,8129456.949374667,4368891.063756271,4368891.063756271,4368891.063756271,2002768.0966702986,1742802.8430502973 
 02/17  18:00:00,8866538.212353928,5514884.4344747625,5514884.4344747625,5514884.4344747625,1563903.7412262212,1766864.2191524366 
 02/17  19:00:00,8743209.176583689,5936377.747743254,5936377.747743254,5936377.747743254,797395.0529529697,1793219.0863873055 
 02/17  20:00:00,8269264.334949328,5860851.394397255,5860851.394397255,5860851.394397255,389507.6103493337,1799645.2351226716 
 02/17  21:00:00,7980043.744664256,5788324.826793473,5788324.826793473,5788324.826793473,187413.29633709686,1785045.5264536175 
 02/17  22:00:00,7406321.3623341685,5275040.848512863,5275040.848512863,5275040.848512863,154285.71428571438,1765329.5471829812 
 02/17  23:00:00,4531275.2232664125,4175767.1653783405,4175767.1653783405,4175767.1653783405,154285.71428571438,0.0 
 02/17  24:00:00,6877112.203328763,3228431.3064444675,3228431.3064444675,3228431.3064444675,1757553.2380871805,1697670.55503469 
 02/18  01:00:00,6083658.354038309,2498479.0097388276,2498479.0097388276,2498479.0097388276,3394935.443229444,0.0 
 02/18  02:00:00,7495627.726964472,2287908.203727021,2287908.203727021,2287908.203727021,5017475.622167413,0.0 
 02/18  03:00:00,8861378.831794687,2218387.455766968,2218387.455766968,2218387.455766968,6452747.474957681,0.0 
 02/18  04:00:00,9300251.361623026,2167160.80380385,2167160.80380385,2167160.80380385,6942846.656749138,0.0 
 02/18  05:00:00,11321513.648693774,2326991.86639299,2326991.86639299,2326991.86639299,7139645.930634342,1660347.6803398903 
 02/18  06:00:00,10627574.44997576,2888368.680950925,2888368.680950925,2888368.680950925,7537715.658531446,0.0 
 02/18  07:00:00,12922145.04371825,3455726.295687276,3455726.295687276,3455726.295687276,7656155.965487646,1795267.8366455273 
 02/18  08:00:00,12190192.683839992,3804342.957438114,3804342.957438114,3804342.957438114,6537728.615551243,1834732.7662990242 
 02/18  09:00:00,12518557.890823906,3331560.1762823085,3331560.1762823085,3331560.1762823085,5493795.185423166,3687311.657515726 
 02/18  10:00:00,9278558.80438703,3145052.4172653225,3145052.4172653225,3145052.4172653225,4299849.74016946,1829640.1435867655 
 02/18  11:00:00,7194970.069575125,3201316.809840188,3201316.809840188,3201316.809840188,2185965.148325116,1803671.6080443384 
 02/18  12:00:00,5312789.74106588,3245056.7517732778,3245056.7517732778,3245056.7517732778,286250.3287452011,1777466.157181919 
 02/18  13:00:00,5113142.437190667,3197289.398662933,3197289.398662933,3197289.398662933,154285.71428571438,1757550.8208765376 
 02/18  14:00:00,3301846.2339358036,3143544.016284607,3143544.016284607,3143544.016284607,154285.71428571438,0.0 
 02/18  15:00:00,5234860.991074944,3152610.4832543777,3152610.4832543777,3152610.4832543777,344630.6074788242,1733603.3969762605 
 02/18  16:00:00,6370634.378247917,3436226.8211706067,3436226.8211706067,3436226.8211706067,1199379.6644559484,1728065.9534545252 
 02/18  17:00:00,6715726.9595008,4368891.063756271,4368891.063756271,4368891.063756271,1190020.457159272,1141820.4926874554 
 02/18  18:00:00,7248370.859391366,5514884.4344747625,5514884.4344747625,5514884.4344747625,1103367.255778836,609233.3516372595 
 02/18  19:00:00,8764466.980521332,5936377.747743254,5936377.747743254,5936377.747743254,818639.7647797684,1793232.1784981515 
 02/18  20:00:00,8334572.4663582,5860851.394397255,5860851.394397255,5860851.394397255,455004.4968680361,1799456.4800128394 
 02/18  21:00:00,7968105.323279916,5788324.826793473,5788324.826793473,5788324.826793473,175773.15796254232,1784747.2434438309 
 02/18  22:00:00,7406029.081588975,5275040.848512863,5275040.848512863,5275040.848512863,154285.71428571438,1765037.2664377866 
 02/18  23:00:00,6262527.051951173,4175767.1653783405,4175767.1653783405,4175767.1653783405,154285.71428571438,1731251.8286847598 
 02/18  24:00:00,3576174.1244926057,3228431.3064444675,3228431.3064444675,3228431.3064444675,154285.71428571438,0.0 
 02/19  01:00:00,6385707.0602339,2498479.0097388276,2498479.0097388276,2498479.0097388276,2031013.228998919,1665970.9204261152 
 02/19  02:00:00,6395512.514297891,2287908.203727021,2287908.203727021,2287908.203727021,3917360.409500833,0.0 
 02/19  03:00:00,7541507.586444275,2218387.455766968,2218387.455766968,2218387.455766968,5132876.229607269,0.0 
 02/19  04:00:00,8411944.36310584,2167160.80380385,2167160.80380385,2167160.80380385,6054539.658231951,0.0 
 02/19  05:00:00,8628495.671486357,2326991.86639299,2326991.86639299,2326991.86639299,6106975.633766814,0.0 
 02/19  06:00:00,10875961.092772825,2888368.680950925,2888368.680950925,2888368.680950925,6081633.571925959,1704468.729402551 
 02/19  07:00:00,12214466.15781282,3455726.295687276,3455726.295687276,3455726.295687276,6948292.708791772,1795452.2074359742 
 02/19  08:00:00,11949267.992146134,3804342.957438114,3804342.957438114,3804342.957438114,6297062.785484454,1834473.9046719577 
 02/19  09:00:00,8274128.374669075,3331560.1762823085,3331560.1762823085,3331560.1762823085,3093137.9227949698,1843539.4039890901 
 02/19  10:00:00,7289734.21294206,3145052.4172653225,3145052.4172653225,3145052.4172653225,482391.40004799253,3658273.8922632635 
 02/19  11:00:00,5162429.985212055,3201316.809840188,3201316.809840188,3201316.809840188,154285.71428571438,1802810.9577206706 
 02/19  12:00:00,5339081.716745113,3245056.7517732778,3245056.7517732778,3245056.7517732778,313436.6672205107,1776571.7943858416 
 02/19  13:00:00,4225880.588009146,3197289.398662933,3197289.398662933,3197289.398662933,1024574.6859807303,0.0 
 02/19  14:00:00,6780364.163262238,3143544.016284607,3143544.016284607,3143544.016284607,1888897.2990142195,1743906.3445979285 
 02/19  15:00:00,7618072.225198309,3152610.4832543777,3152610.4832543777,3152610.4832543777,2728170.0177932335,1733275.2207852148 
 02/19  16:00:00,6818007.088572257,3436226.8211706067,3436226.8211706067,3436226.8211706067,3177398.2616708414,197420.06656397483 
 02/19  17:00:00,9309072.754967231,4368891.063756271,4368891.063756271,4368891.063756271,3381571.625766906,1543615.1195462542 
 02/19  18:00:00,10428030.93777577,5514884.4344747625,5514884.4344747625,5514884.4344747625,3125861.2060921798,1766399.4797083205 
 02/19  19:00:00,10030193.273143362,5936377.747743254,5936377.747743254,5936377.747743254,2084802.2937851364,1792795.942114813 
 02/19  20:00:00,9449282.361791268,5860851.394397255,5860851.394397255,5860851.394397255,1569970.7040641923,1799200.1682497505 
 02/19  21:00:00,8839431.620725513,5788324.826793473,5788324.826793473,5788324.826793473,1047106.9270519346,1784739.7718000351 
 02/19  22:00:00,7717623.29954151,5275040.848512863,5275040.848512863,5275040.848512863,466167.26392716303,1764749.9347488733 
 02/19  23:00:00,6268019.495339702,4175767.1653783405,4175767.1653783405,4175767.1653783405,159912.67505988828,1731117.3112991157 
 02/19  24:00:00,3576174.1244926057,3228431.3064444675,3228431.3064444675,3228431.3064444675,154285.71428571438,0.0 
 02/20  01:00:00,3255563.2938097664,2519341.8750856025,2519341.8750856025,2519341.8750856025,545977.5176541256,0.0 
 02/20  02:00:00,6671882.791161638,2300485.626558334,2300485.626558334,2300485.626558334,2526817.9059678856,1654335.3575653795 
 02/20  03:00:00,6161597.323852235,2226600.0926204654,2226600.0926204654,2226600.0926204654,3744753.3301617326,0.0 
 02/20  04:00:00,8279467.436350131,2171740.4070940726,2171740.4070940726,2171740.4070940726,5917483.128186021,0.0 
 02/20  05:00:00,9972944.110575596,2335718.210080423,2335718.210080423,2335718.210080423,7442697.729168619,0.0 
 02/20  06:00:00,12273144.991058001,2902111.397117286,2902111.397117286,2902111.397117286,7463440.624728265,1706102.858719062 
 02/20  07:00:00,12717874.638622113,3490045.529346395,3490045.529346395,3490045.529346395,7414129.86334335,1798704.3000345663 
 02/20  08:00:00,12327511.04202045,3872409.4070758065,3872409.4070758065,3872409.4070758065,6598919.413251556,1842793.8771414794 
 02/20  09:00:00,9536030.149787687,3436548.288166884,3436548.288166884,3436548.288166884,4237569.921058456,1856021.0689596399 
 02/20  10:00:00,7306616.535275458,3287629.4627914913,3287629.4627914913,3287629.4627914913,1146425.233347348,2868545.335771136 
 02/20  11:00:00,6141808.978220953,3359522.254572048,3359522.254572048,3359522.254572048,154285.71428571438,2623984.5059977095 
 02/20  12:00:00,5847415.2024347475,3405817.7973429887,3405817.7973429887,3405817.7973429887,648703.8949338862,1788877.0067923898 
 02/20  13:00:00,5781832.342961327,3343416.5845005065,3343416.5845005065,3343416.5845005065,1681254.469774684,753144.785320654 
 02/20  14:00:00,6903010.127341129,3277253.218523652,3277253.218523652,3277253.218523652,2615800.8984868242,1005939.5069651701 
 02/20  15:00:00,7968849.340041008,3272159.2094632606,3272159.2094632606,3272159.2094632606,2951288.8586334726,1741384.7685787927 
 02/20  16:00:00,7778305.32702074,3549357.552769049,3549357.552769049,3549357.552769049,2486684.201336809,1735301.6337480454 
 02/20  17:00:00,8236660.865776312,4479188.816479392,4479188.816479392,4479188.816479392,2214479.739138054,1527997.3642610637 
 02/20  18:00:00,7893338.522584616,5624286.233621349,5624286.233621349,5624286.233621349,2022615.8673585502,225550.60410421007 
 02/20  19:00:00,10628444.619705794,6045788.3062472865,6045788.3062472865,6045788.3062472865,1749133.6112526057,2617305.4127057423 
 02/20  20:00:00,10420918.072244395,5971945.160957614,5971945.160957614,5971945.160957614,1431297.9710666335,2798414.8451400767 
 02/20  21:00:00,9095397.928077638,5899533.255808762,5899533.255808762,5899533.255808762,1183031.6010428541,1793572.9761459513 
 02/20  22:00:00,7246994.467023622,5386254.039457358,5386254.039457358,5386254.039457358,876574.5625448024,772500.6126688491 
 02/20  23:00:00,5861477.072136581,4262786.538241955,4262786.538241955,4262786.538241955,418473.9941093254,978994.1961829428 
 02/20  24:00:00,5323964.324690146,3276627.552965166,3276627.552965166,3276627.552965166,154285.71428571438,1699593.9536768417 
 02/21  01:00:00,2863871.4904413554,2519341.8750856025,2519341.8750856025,2519341.8750856025,154285.71428571438,0.0 
 02/21  02:00:00,2645015.2419140865,2300485.626558334,2300485.626558334,2300485.626558334,154285.71428571438,0.0 
 02/21  03:00:00,2571129.7079762174,2226600.0926204654,2226600.0926204654,2226600.0926204654,154285.71428571438,0.0 
 02/21  04:00:00,2516270.022449825,2171740.4070940726,2171740.4070940726,2171740.4070940726,154285.71428571438,0.0 
 02/21  05:00:00,4412746.640416738,2335718.210080423,2335718.210080423,2335718.210080423,221493.49732381993,1661006.7616859416 
 02/21  06:00:00,3618620.7847127263,2902111.397117286,2902111.397117286,2902111.397117286,515019.27710205084,0.0 
 02/21  07:00:00,5841883.3352205735,3490045.529346395,3490045.529346395,3490045.529346395,538306.2822179197,1798536.5777584584 
 02/21  08:00:00,6287241.586186351,3872409.4070758065,3872409.4070758065,3872409.4070758065,215304.5670596723,2186139.2674992643 
 02/21  09:00:00,7490184.071734485,3436548.288166884,3436548.288166884,3436548.288166884,682368.8022090403,3365376.109755853 
 02/21  10:00:00,5628828.569655923,3287629.4627914913,3287629.4627914913,3287629.4627914913,493286.03919267416,1843896.5643062766 
 02/21  11:00:00,5334983.040702895,3359522.254572048,3359522.254572048,3359522.254572048,154285.71428571438,1817158.5684796514 
 02/21  12:00:00,5352792.990638568,3405817.7973429887,3405817.7973429887,3405817.7973429887,154285.71428571438,1788672.9756443824 
 02/21  13:00:00,5727724.941955332,3343416.5845005065,3343416.5845005065,3343416.5845005065,612848.1563928712,1767443.6976964728 
 02/21  14:00:00,6511816.800504576,3277253.218523652,3277253.218523652,3277253.218523652,1477142.2639987823,1753404.8146166601 
 02/21  15:00:00,7008769.950364244,3272159.2094632606,3272159.2094632606,3272159.2094632606,1991339.1274183635,1741255.1101171384 
 02/21  16:00:00,5532921.883967219,3549357.552769049,3549357.552769049,3549357.552769049,1976602.3920313339,0.0 
 02/21  17:00:00,8153816.797574035,4479188.816479392,4479188.816479392,4479188.816479392,1909511.3423873442,1750121.692809497 
 02/21  18:00:00,8853799.098196719,5624286.233621349,5624286.233621349,5624286.233621349,1434469.3504445232,1774157.6966303382 
 02/21  19:00:00,8813561.349028014,6045788.3062472865,6045788.3062472865,6045788.3062472865,750127.299445197,1801428.4538353705 
 02/21  20:00:00,8315591.813703496,5971945.160957614,5971945.160957614,5971945.160957614,316115.58034586423,1808270.9773199474 
 02/21  21:00:00,8066467.043708879,5899533.255808762,5899533.255808762,5899533.255808762,154285.71428571438,1793387.9785343327 
 02/21  22:00:00,7524927.204373743,5386254.039457358,5386254.039457358,5386254.039457358,154285.71428571438,1772722.1982780606 
 02/21  23:00:00,6523021.460802831,4262786.538241955,4262786.538241955,4262786.538241955,322571.70532162045,1736440.873636898 
 02/21  24:00:00,6243437.277943522,3276627.552965166,3276627.552965166,3276627.552965166,2773352.621215931,0.0 
 02/22  01:00:00,8171803.125824161,2498479.0097388276,2498479.0097388276,2498479.0097388276,5483080.215015296,0.0 
 02/22  02:00:00,11367717.339646105,2287908.203727021,2287908.203727021,2287908.203727021,7236354.112135001,1653211.1227140462 
 02/22  03:00:00,10043400.411424555,2218387.455766968,2218387.455766968,2218387.455766968,7634769.054587549,0.0 
 02/22  04:00:00,12063840.485134928,2167160.80380385,2167160.80380385,2167160.80380385,9706435.78026104,0.0 
 02/22  05:00:00,13205715.335755747,2326991.86639299,2326991.86639299,2326991.86639299,10684195.298036205,0.0 
 02/22  06:00:00,15080391.149033383,2888368.680950925,2888368.680950925,2888368.680950925,10286655.08251226,1703877.2750768072 
 02/22  07:00:00,15398326.686894728,3455726.295687276,3455726.295687276,3455726.295687276,10132885.368849235,1794720.0764604162 
 02/22  08:00:00,14041674.93566987,3804342.957438114,3804342.957438114,3804342.957438114,8390384.195996663,1833559.4376834834 
 02/22  09:00:00,11228450.726383928,3331560.1762823085,3331560.1762823085,3331560.1762823085,6048330.039606625,1842669.6388922872 
 02/22  10:00:00,10176324.788040742,3145052.4172653225,3145052.4172653225,3145052.4172653225,5198804.738482444,1828451.1289274953 
 02/22  11:00:00,8113175.800123199,3201316.809840188,3201316.809840188,3201316.809840188,3105004.960167266,1802837.526750263 
 02/22  12:00:00,6605554.317495826,3245056.7517732778,3245056.7517732778,3245056.7517732778,1579765.4554309316,1776715.6069261339 
 02/22  13:00:00,5382254.798830389,3197289.398662933,3197289.398662933,3197289.398662933,423995.53211950226,1756953.3646824723 
 02/22  14:00:00,5046271.546468893,3143544.016284607,3143544.016284607,3143544.016284607,154285.71428571438,1744425.3125330894 
 02/22  15:00:00,5043940.079384585,3152610.4832543777,3152610.4832543777,3152610.4832543777,154285.71428571438,1733027.3784790104 
 02/22  16:00:00,3597474.474623157,3436226.8211706067,3436226.8211706067,3436226.8211706067,154285.71428571438,0.0 
 02/22  17:00:00,6443037.553650917,4368891.063756271,4368891.063756271,4368891.063756271,316910.76138968905,1742240.7826071554 
 02/22  18:00:00,7763649.723674273,5514884.4344747625,5514884.4344747625,5514884.4344747625,461693.1768563442,1766186.294842658 
 02/22  19:00:00,8145719.211145416,5936377.747743254,5936377.747743254,5936377.747743254,200894.3299216656,1792229.8439803394 
 02/22  20:00:00,8032884.4219341725,5860851.394397255,5860851.394397255,5860851.394397255,154285.71428571438,1798487.2181711341 
 02/22  21:00:00,7946376.35106792,5788324.826793473,5788324.826793473,5788324.826793473,154285.71428571438,1784505.7149086634 
 02/22  22:00:00,7405561.8914990015,5275040.848512863,5275040.848512863,5275040.848512863,154285.71428571438,1764570.076347814 
 02/22  23:00:00,5646736.228066564,4175767.1653783405,4175767.1653783405,4175767.1653783405,1269746.719085865,0.0 
 02/22  24:00:00,8260353.221727995,3228431.3064444675,3228431.3064444675,3228431.3064444675,3141151.701306247,1697313.1102148579 
 02/23  01:00:00,7131454.796815643,2498479.0097388276,2498479.0097388276,2498479.0097388276,4442731.886006778,0.0 
 02/23  02:00:00,7892918.953458374,2287908.203727021,2287908.203727021,2287908.203727021,5414766.848661316,0.0 
 02/23  03:00:00,11191359.853721611,2218387.455766968,2218387.455766968,2218387.455766968,7135106.989553265,1647621.5073313382 
 02/23  04:00:00,10715108.340454767,2167160.80380385,2167160.80380385,2167160.80380385,8357703.635580879,0.0 
 02/23  05:00:00,11530380.471061002,2326991.86639299,2326991.86639299,2326991.86639299,9008860.43334146,0.0 
 02/23  06:00:00,12635009.241925485,2888368.680950925,2888368.680950925,2888368.680950925,9545150.45048117,0.0 
 02/23  07:00:00,14980614.70753391,3455726.295687276,3455726.295687276,3455726.295687276,9715399.228633873,1794494.2373149616 
 02/23  08:00:00,15380242.057455894,3804342.957438114,3804342.957438114,3804342.957438114,7895382.461324955,3667128.2941412143 
 02/23  09:00:00,9873224.346810296,3331560.1762823085,3331560.1762823085,3331560.1762823085,4693760.164015676,1842013.1349096044 
 02/23  10:00:00,7010396.087576611,3145052.4172653225,3145052.4172653225,3145052.4172653225,2033183.2018521477,1828143.9650936583 
 02/23  11:00:00,5276324.890492052,3201316.809840188,3201316.809840188,3201316.809840188,268466.8614963279,1802524.7157900536 
 02/23  12:00:00,5179822.572210876,3245056.7517732778,3245056.7517732778,3245056.7517732778,154285.71428571438,1776463.6027864015 
 02/23  13:00:00,5202081.5128281955,3197289.398662933,3197289.398662933,3197289.398662933,244250.36867174084,1756525.2421280395 
 02/23  14:00:00,5851773.588672569,3143544.016284607,3143544.016284607,3143544.016284607,960576.828436021,1743636.240586459 
 02/23  15:00:00,4983241.8313567415,3152610.4832543777,3152610.4832543777,3152610.4832543777,1826614.8447368813,0.0 
 02/23  16:00:00,7545413.7866234025,3436226.8211706067,3436226.8211706067,3436226.8211706067,2374534.1786734806,1727690.8476124788 
 02/23  17:00:00,8680934.060350124,4368891.063756271,4368891.063756271,4368891.063756271,2554991.7676712265,1742056.2830248245 
 02/23  18:00:00,9282911.296295658,5514884.4344747625,5514884.4344747625,5514884.4344747625,2256316.4531759084,1490824.5911444807 
 02/23  19:00:00,9395435.479260735,5936377.747743254,5936377.747743254,5936377.747743254,1317877.388900136,1924963.0531171868 
 02/23  20:00:00,8651570.216834946,5860851.394397255,5860851.394397255,5860851.394397255,626640.5846930325,1944818.1426645885 
 02/23  21:00:00,7940851.433980146,5788324.826793473,5788324.826793473,5788324.826793473,256127.62201797075,1677138.8900886327 
 02/23  22:00:00,5746423.733311034,5275040.848512863,5275040.848512863,5275040.848512863,154285.71428571438,105431.91815984565 
 02/23  23:00:00,6261937.330222434,4175767.1653783405,4175767.1653783405,4175767.1653783405,154285.71428571438,1730662.1069560214 
 02/23  24:00:00,6004354.729917027,3228431.3064444675,3228431.3064444675,3228431.3064444675,885641.5271663204,1696824.7925438157 
 02/24  01:00:00,5755978.340671844,2498479.0097388276,2498479.0097388276,2498479.0097388276,3067255.4298629775,0.0 
 02/24  02:00:00,7181261.615175952,2287908.203727021,2287908.203727021,2287908.203727021,4703109.5103788925,0.0 
 02/24  03:00:00,8233255.577855792,2218387.455766968,2218387.455766968,2218387.455766968,5824624.221018787,0.0 
 02/24  04:00:00,9403987.98459585,2167160.80380385,2167160.80380385,2167160.80380385,7046583.279721964,0.0 
 02/24  05:00:00,10642029.635244284,2326991.86639299,2326991.86639299,2326991.86639299,8120509.59752474,0.0 
 02/24  06:00:00,13724840.774935141,2888368.680950925,2888368.680950925,2888368.680950925,8930987.912608545,1703994.0708822806 
 02/24  07:00:00,15352423.816415466,3455726.295687276,3455726.295687276,3455726.295687276,10087730.040716976,1793972.5341134118 
 02/24  08:00:00,13995457.165864602,3804342.957438114,3804342.957438114,3804342.957438114,8344722.9222725285,1833002.9416023502 
 02/24  09:00:00,11024084.349805253,3331560.1762823085,3331560.1762823085,3331560.1762823085,5668760.937992947,2017872.36392729 
 02/24  10:00:00,8586864.448055716,3145052.4172653225,3145052.4172653225,3145052.4172653225,1957295.714103086,3480499.813321826 
 02/24  11:00:00,5161416.804138964,3201316.809840188,3201316.809840188,3201316.809840188,154285.71428571438,1801797.7766475794 
 02/24  12:00:00,5178905.559147721,3245056.7517732778,3245056.7517732778,3245056.7517732778,154285.71428571438,1775546.5897232469 
 02/24  13:00:00,3859290.468322792,3197289.398662933,3197289.398662933,3197289.398662933,657984.5662943765,0.0 
 02/24  14:00:00,6204214.125011087,3143544.016284607,3143544.016284607,3143544.016284607,1313212.7843170033,1743440.8210439945 
 02/24  15:00:00,7066149.770569884,3152610.4832543777,3152610.4832543777,3152610.4832543777,2177150.3341339603,1732372.449816063 
 02/24  16:00:00,7140466.794671522,3436226.8211706067,3436226.8211706067,3436226.8211706067,2538130.778619366,1159147.2557147136 
 02/24  17:00:00,7394919.063972758,4368891.063756271,4368891.063756271,4368891.063756271,2438066.094702348,572966.9596163378 
 02/24  18:00:00,9216405.085199,5514884.4344747625,5514884.4344747625,5514884.4344747625,1914896.3575295513,1765738.475694179 
 02/24  19:00:00,9346621.435431492,5936377.747743254,5936377.747743254,5936377.747743254,1402137.142003804,1791889.2561842739 
 02/24  20:00:00,8795120.550133098,5860851.394397255,5860851.394397255,5860851.394397255,917031.2339097498,1797977.826746024 
 02/24  21:00:00,8325002.405615119,5788324.826793473,5788324.826793473,5788324.826793473,533978.9356041021,1783438.548137475 
 02/24  22:00:00,7455670.396805963,5275040.848512863,5275040.848512863,5275040.848512863,205120.39134447085,1763843.904596018 
 02/24  23:00:00,6261875.76836977,4175767.1653783405,4175767.1653783405,4175767.1653783405,154285.71428571438,1730600.5451033576 
 02/24  24:00:00,3576174.1244926057,3228431.3064444675,3228431.3064444675,3228431.3064444675,154285.71428571438,0.0 
 02/25  01:00:00,3163346.5231996956,2498479.0097388276,2498479.0097388276,2498479.0097388276,474623.6123908303,0.0 
 02/25  02:00:00,6476634.794989648,2287908.203727021,2287908.203727021,2287908.203727021,2345652.978990755,1652829.7112018345 
 02/25  03:00:00,6126110.96469246,2218387.455766968,2218387.455766968,2218387.455766968,3717479.607855454,0.0 
 02/25  04:00:00,6932402.403118251,2167160.80380385,2167160.80380385,2167160.80380385,4574997.698244362,0.0 
 02/25  05:00:00,7695547.345708637,2326991.86639299,2326991.86639299,2326991.86639299,5174027.307989094,0.0 
 02/25  06:00:00,10201443.843693942,2888368.680950925,2888368.680950925,2888368.680950925,5408012.474474162,1703572.5777754646 
 02/25  07:00:00,10345771.671269473,3455726.295687276,3455726.295687276,3455726.295687276,5080994.985412157,1794055.4442722376 
 02/25  08:00:00,9552041.186095009,3804342.957438114,3804342.957438114,3804342.957438114,3901348.5726534547,1832961.311451833 
 02/25  09:00:00,9237689.189469619,3331560.1762823085,3331560.1762823085,3331560.1762823085,4058635.487141321,1841602.654443284 
 02/25  10:00:00,8298040.078224324,3145052.4172653225,3145052.4172653225,3145052.4172653225,3321475.7728457088,1827495.384747811 
 02/25  11:00:00,7163071.435900234,3201316.809840188,3201316.809840188,3201316.809840188,2155663.407616475,1802074.715078088 
 02/25  12:00:00,5898590.374616428,3245056.7517732778,3245056.7517732778,3245056.7517732778,873265.4546398565,1776251.6648378111 
 02/25  13:00:00,5112003.451326637,3197289.398662933,3197289.398662933,3197289.398662933,154285.71428571438,1756411.8350125074 
 02/25  14:00:00,5045520.696593523,3143544.016284607,3143544.016284607,3143544.016284607,154285.71428571438,1743674.46265772 
 02/25  15:00:00,3969777.7499638884,3152610.4832543777,3152610.4832543777,3152610.4832543777,154285.71428571438,658865.0490583138 
 02/25  16:00:00,4667728.154640938,3436226.8211706067,3436226.8211706067,3436226.8211706067,154285.71428571438,1070253.6800177805 
 02/25  17:00:00,6279907.110070564,4368891.063756271,4368891.063756271,4368891.063756271,154285.71428571438,1741735.386130778 
 02/25  18:00:00,7455781.88037208,5514884.4344747625,5514884.4344747625,5514884.4344747625,154285.71428571438,1765725.9141110948 
 02/25  19:00:00,8098897.306230206,5936377.747743254,5936377.747743254,5936377.747743254,154285.71428571438,1792016.55470108 
 02/25  20:00:00,8032592.854855003,5860851.394397255,5860851.394397255,5860851.394397255,154285.71428571438,1798195.6510919642 
 02/25  21:00:00,7945797.006741379,5788324.826793473,5788324.826793473,5788324.826793473,154285.71428571438,1783926.3705821221 
 02/25  22:00:00,7405039.649175962,5275040.848512863,5275040.848512863,5275040.848512863,154285.71428571438,1764047.8340247755 
 02/25  23:00:00,5258763.753204757,4175767.1653783405,4175767.1653783405,4175767.1653783405,881774.2442240602,0.0 
 02/25  24:00:00,6928905.596267773,3228431.3064444675,3228431.3064444675,3228431.3064444675,1809981.8545632348,1697035.3314976466 
 02/26  01:00:00,5117603.627493626,2498479.0097388276,2498479.0097388276,2498479.0097388276,2428880.7166847605,0.0 
 02/26  02:00:00,4940090.685244511,2287908.203727021,2287908.203727021,2287908.203727021,2461938.580447453,0.0 
 02/26  03:00:00,4854047.512629791,2218387.455766968,2218387.455766968,2218387.455766968,2445416.155792785,0.0 
 02/26  04:00:00,5218387.807963747,2167160.80380385,2167160.80380385,2167160.80380385,2860983.1030898583,0.0 
 02/26  05:00:00,7344813.394080037,2326991.86639299,2326991.86639299,2326991.86639299,3163178.9055964015,1660114.450764093 
 02/26  06:00:00,6133658.81256367,2888368.680950925,2888368.680950925,2888368.680950925,3043800.0211193548,0.0 
 02/26  07:00:00,8019398.958949038,3455726.295687276,3455726.295687276,3455726.295687276,2755035.1534197424,1793642.5639442184 
 02/26  08:00:00,8024271.542526948,3804342.957438114,3804342.957438114,3804342.957438114,2373967.2995381453,1832572.9409990816 
 02/26  09:00:00,9505578.274452709,3331560.1762823085,3331560.1762823085,3331560.1762823085,2485750.791548665,3682376.435019028 
 02/26  10:00:00,6640940.6403562585,3145052.4172653225,3145052.4172653225,3145052.4172653225,1664491.5314930342,1827380.188232419 
 02/26  11:00:00,5161258.017097291,3201316.809840188,3201316.809840188,3201316.809840188,154285.71428571438,1801638.9896059062 
 02/26  12:00:00,5178574.0971814385,3245056.7517732778,3245056.7517732778,3245056.7517732778,154285.71428571438,1775215.1277569637 
 02/26  13:00:00,5125448.441780126,3197289.398662933,3197289.398662933,3197289.398662933,168582.30594211814,1755560.2338095924 
 02/26  14:00:00,3739273.18685556,3143544.016284607,3143544.016284607,3143544.016284607,591712.6672054715,0.0 
 02/26  15:00:00,5652514.6475544125,3152610.4832543777,3152610.4832543777,3152610.4832543777,763707.8540793485,1732179.8068552031 
 02/26  16:00:00,5981624.887043375,3436226.8211706067,3436226.8211706067,3436226.8211706067,811392.1849733331,1727043.9417325994 
 02/26  17:00:00,5511455.032753484,4368891.063756271,4368891.063756271,4368891.063756271,1127569.0230994113,0.0 
 02/26  18:00:00,8538268.85151376,5514884.4344747625,5514884.4344747625,5514884.4344747625,1237179.782474434,1765318.8170640543 
 02/26  19:00:00,8976670.489944888,5936377.747743254,5936377.747743254,5936377.747743254,1032780.7782131401,1791294.674488334 
 02/26  20:00:00,8610192.58203249,5860851.394397255,5860851.394397255,5860851.394397255,732769.2229958093,1797311.8695593565 
 02/26  21:00:00,8256294.98712511,5788324.826793473,5788324.826793473,5788324.826793473,465898.33649434114,1782811.728757226 
 02/26  22:00:00,7452711.228985241,5275040.848512863,5275040.848512863,5275040.848512863,202537.6562149376,1763467.4719048287 
 02/26  23:00:00,6261110.593548265,4175767.1653783405,4175767.1653783405,4175767.1653783405,154285.71428571438,1729835.3702818528 
 02/26  24:00:00,3576174.1244926057,3228431.3064444675,3228431.3064444675,3228431.3064444675,154285.71428571438,0.0 
 02/27  01:00:00,4531154.908181071,2519341.8750856025,2519341.8750856025,2519341.8750856025,154285.71428571438,1667283.417739716 
 02/27  02:00:00,2645015.2419140865,2300485.626558334,2300485.626558334,2300485.626558334,154285.71428571438,0.0 
 02/27  03:00:00,2571129.7079762174,2226600.0926204654,2226600.0926204654,2226600.0926204654,154285.71428571438,0.0 
 02/27  04:00:00,2670311.969515182,2171740.4070940726,2171740.4070940726,2171740.4070940726,308327.6613510716,0.0 
 02/27  05:00:00,2989454.0517046005,2335718.210080423,2335718.210080423,2335718.210080423,459207.67029762495,0.0 
 02/27  06:00:00,5307911.306713621,2902111.397117286,2902111.397117286,2902111.397117286,499044.32365842955,1705265.475444517 
 02/27  07:00:00,5851915.86526795,3490045.529346395,3490045.529346395,3490045.529346395,549877.865932051,1796997.5240917036 
 02/27  08:00:00,6054355.5705098715,3872409.4070758065,3872409.4070758065,3872409.4070758065,327985.60681819014,1840572.2120642667 
 02/27  09:00:00,5971670.547653349,3436548.288166884,3436548.288166884,3436548.288166884,675780.0653091037,1853451.322574654 
 02/27  10:00:00,7174979.438515231,3287629.4627914913,3287629.4627914913,3287629.4627914913,199647.13469291,3683686.337665348 
 02/27  11:00:00,5332952.15684826,3359522.254572048,3359522.254572048,3359522.254572048,154285.71428571438,1815127.6846250163 
 02/27  12:00:00,5351641.775168783,3405817.7973429887,3405817.7973429887,3405817.7973429887,154285.71428571438,1787521.7601745971 
 02/27  13:00:00,5717330.528263887,3343416.5845005065,3343416.5845005065,3343416.5845005065,603986.5390669075,1765910.9013309905 
 02/27  14:00:00,4786312.894265921,3277253.218523652,3277253.218523652,3277253.218523652,1505043.1723767868,0.0 
 02/27  15:00:00,6524610.812524762,3272159.2094632606,3272159.2094632606,3272159.2094632606,1508461.549273038,1739973.5504229811 
 02/27  16:00:00,6675628.461658554,3549357.552769049,3549357.552769049,3549357.552769049,1384675.6039332459,1734633.3657894232 
 02/27  17:00:00,7550580.892608503,4479188.816479392,4479188.816479392,4479188.816479392,1306995.793607797,1749401.3366235124 
 02/27  18:00:00,7582643.460841137,5624286.233621349,5624286.233621349,5624286.233621349,1267544.3650714762,669927.0446478033 
 02/27  19:00:00,10090657.191546535,6045788.3062472865,6045788.3062472865,6045788.3062472865,1157711.2095099932,2670940.386289096 
 02/27  20:00:00,9054902.383266395,5971945.160957614,5971945.160957614,5971945.160957614,807377.8443792098,2056319.2828495016 
 02/27  21:00:00,8444178.924310416,5899533.255808762,5899533.255808762,5899533.255808762,533516.6457861146,1791868.9276354688 
 02/27  22:00:00,7033472.121894667,5386254.039457358,5386254.039457358,5386254.039457358,336496.32007873955,1099056.510005958 
 02/27  23:00:00,5276154.085093096,4262786.538241955,4262786.538241955,4262786.538241955,154285.71428571438,657859.4889630688 
 02/27  24:00:00,5323432.433969004,3276627.552965166,3276627.552965166,3276627.552965166,154285.71428571438,1699062.0629556992 
 02/28  01:00:00,2863871.4904413554,2519341.8750856025,2519341.8750856025,2519341.8750856025,154285.71428571438,0.0 
 02/28  02:00:00,2645015.2419140865,2300485.626558334,2300485.626558334,2300485.626558334,154285.71428571438,0.0 
 02/28  03:00:00,2571129.7079762174,2226600.0926204654,2226600.0926204654,2226600.0926204654,154285.71428571438,0.0 
 02/28  04:00:00,2631462.075436876,2171740.4070940726,2171740.4070940726,2171740.4070940726,269477.76727276575,0.0 
 02/28  05:00:00,4790003.745742617,2335718.210080423,2335718.210080423,2335718.210080423,598935.1809616718,1660822.1833739695 
 02/28  06:00:00,4055859.4786544424,2902111.397117286,2902111.397117286,2902111.397117286,952257.9710437672,0.0 
 02/28  07:00:00,6145243.690191558,3490045.529346395,3490045.529346395,3490045.529346395,843666.6166506235,1796536.5982967382 
 02/28  08:00:00,6276868.720453074,3872409.4070758065,3872409.4070758065,3872409.4070758065,550949.8442823014,1840121.124543357 
 02/28  09:00:00,7678551.777610806,3436548.288166884,3436548.288166884,3436548.288166884,529995.5025055152,3706117.1153356982 
 02/28  10:00:00,5410685.543851575,3287629.4627914913,3287629.4627914913,3287629.4627914913,277679.0747832347,1841360.5029113668 
 02/28  11:00:00,5411477.807772714,3359522.254572048,3359522.254572048,3359522.254572048,233083.87764277033,1814855.1721924143 
 02/28  12:00:00,7136342.39682334,3405817.7973429887,3405817.7973429887,3405817.7973429887,1939150.7575511802,1787357.3385636886 
 02/28  13:00:00,7436751.093633918,3343416.5845005065,3343416.5845005065,3343416.5845005065,2322968.790427553,1766349.2153403773 
 02/28  14:00:00,7246979.647410149,3277253.218523652,3277253.218523652,3277253.218523652,2213083.5359027474,1752626.389618267 
 02/28  15:00:00,5815727.05263384,3272159.2094632606,3272159.2094632606,3272159.2094632606,2293601.3971044626,245949.94270063445 
 02/28  16:00:00,7309569.216638704,3549357.552769049,3549357.552769049,3549357.552769049,2263409.5183661473,1489840.2063366724 
 02/28  17:00:00,8816716.758569576,4479188.816479392,4479188.816479392,4479188.816479392,2572625.4071742673,1749907.5890181148 
 02/28  18:00:00,10191392.596266389,5624286.233621349,5624286.233621349,5624286.233621349,2772627.101523259,1773593.4436212713 
 02/28  19:00:00,11028393.861791752,6045788.3062472865,6045788.3062472865,6045788.3062472865,2965884.6971049467,1800503.5689393592 
 02/28  20:00:00,12134081.484826049,5971945.160957614,5971945.160957614,5971945.160957614,4135878.943774627,1806997.2850137393 
 02/28  21:00:00,12235062.742394526,5899533.255808762,5899533.255808762,5899533.255808762,4324367.965440239,1791901.4260654524 
 02/28  22:00:00,11706632.089337025,5386254.039457358,5386254.039457358,5386254.039457358,4336925.3750803005,1771787.4224467545 
 02/28  23:00:00,11435549.276426276,4262786.538241955,4262786.538241955,4262786.538241955,5236167.825780511,1735372.5688014526 
 02/28  24:00:00,9659101.152875498,3276627.552965166,3276627.552965166,3276627.552965166,6189016.496147906,0.0 
